ID,N_VICTIMAS,AÑO,MES,DIA_SEMANA,DIA_SEMANA_NOM,HORA,TIPO_DE_CALLE,VIAS_INVOL,INTERSECCION,COMUNA,PARTICIPANTES,VICTIMA,ACUSADO,LONGITUD,LATITUD
2016-0001,1,2016,1,4,VIERNES,4.0,AVENIDA,"['PIEDRA BUENA AV.', 'FERNANDEZ DE LA CRUZ, F., GRAL. AV.']",1,8,MOTO-AUTO,MOTO,AUTO,-58.47533969,-34.68757022
2016-0002,1,2016,1,5,SÁBADO,1.25,GRAL PAZ,"['PAZ, GRAL. AV.', 'DE LOS CORRALES AV.']",1,9,AUTO-PASAJEROS,AUTO,PASAJEROS,-58.50877521,-34.66977709
2016-0003,1,2016,1,6,DOMINGO,7.0,AVENIDA,['ENTRE RIOS AV.'],0,1,MOTO-AUTO,MOTO,AUTO,-58.39040293,-34.63189362
2016-0004,1,2016,1,6,DOMINGO,0.0,AVENIDA,"['LARRAZABAL AV.', 'VILLEGAS, CONRADO, GRAL.']",1,8,MOTO-SD,MOTO,SD,-58.46503904,-34.68092974
2016-0005,1,2016,1,3,JUEVES,5.333333333333333,AVENIDA,"['SAN JUAN AV.', 'SAENZ PE?A, LUIS, PRES.']",1,1,MOTO-PASAJEROS,MOTO,PASAJEROS,-58.38718297,-34.6224663
2016-0008,1,2016,1,6,DOMINGO,18.5,AVENIDA,"['27 DE FEBRERO AV.', 'ESCALADA AV.']",1,8,MOTO-OBJETO FIJO,MOTO,OBJETO FIJO,-58.44451316,-34.68475866
2016-0009,1,2016,1,6,DOMINGO,19.166666666666668,CALLE,"['NOGOYA', 'GONZALEZ, JOAQUIN V.']",1,11,MOTO-AUTO,MOTO,AUTO,-58.50095869,-34.6082544
2016-0010,1,2016,1,4,VIERNES,15.333333333333334,GRAL PAZ,"['PAZ, GRAL. AV.', 'DE LOS CORRALES AV.']",1,9,MOTO-AUTO,MOTO,AUTO,-58.50877521,-34.66977709
2016-0012,1,2016,2,0,LUNES,1.3333333333333333,AVENIDA,"['BELGRANO AV.', 'IRIGOYEN, BERNARDO DE']",1,1,MOTO-CARGAS,MOTO,CARGAS,-58.38048577,-34.61303893
2016-0013,1,2016,2,2,MIÉRCOLES,11.5,AVENIDA,['ENTRE RIOS AV.'],0,1,PEATON-AUTO,PEATON,AUTO,-58.39114932,-34.62477387
2016-0015,1,2016,2,6,DOMINGO,5.233333333333333,AVENIDA,"['SCALABRINI ORTIZ, RAUL AV.', 'VERA']",1,15,PEATON-AUTO,PEATON,AUTO,-58.4376002,-34.59912758
2016-0016,1,2016,2,6,DOMINGO,22.0,AVENIDA,"['REGIMIENTO DE PATRICIOS AV.', 'QUINQUELA MARTIN, BENITO']",1,4,MOTO-AUTO,MOTO,AUTO,-58.36882665,-34.64291993
2016-0017,1,2016,2,0,LUNES,16.9,AVENIDA,"['ACOSTA, MARIANO', 'JANER, ANA MARIA']",1,8,PEATON-MOTO,PEATON,MOTO,-58.44989671,-34.65970435
2016-0019,1,2016,2,2,MIÉRCOLES,9.5,CALLE,"['DE LA TORRE, LISANDRO', 'GARCIA GRANDE DE ZEQUEIRA, SEVERO']",1,9,PEATON-PASAJEROS,PEATON,PASAJEROS,-58.50990884,-34.65468721
2016-0020,1,2016,2,2,MIÉRCOLES,16.0,CALLE,['SUIPACHA'],0,1,PEATON-AUTO,PEATON,AUTO,-58.37952223,-34.60653282
2016-0021,1,2016,2,2,MIÉRCOLES,23.583333333333332,AVENIDA,"['DIRECTORIO AV.', 'CURAPALIGUE']",1,7,AUTO-AUTO,AUTO,AUTO,-58.45157703,-34.63063795
2016-0022,1,2016,2,6,DOMINGO,6.0,AVENIDA,"['9 DE JULIO AV.', 'ALSINA, ADOLFO']",1,1,MOTO-AUTO,MOTO,AUTO,-58.38144696,-34.61079875
2016-0025,1,2016,2,6,DOMINGO,4.833333333333333,GRAL PAZ,"['PAZ, GRAL. AV.', '27 DE FEBRERO AV.']",1,8,AUTO-AUTO,AUTO,AUTO,-58.46244952,-34.70524971
2016-0026,1,2016,2,6,DOMINGO,7.5,CALLE,"['HOLMBERG', 'VEDIA']",1,12,AUTO-OBJETO FIJO,AUTO,OBJETO FIJO,-58.49216191,-34.54738649
2016-0027,1,2016,2,6,DOMINGO,9.583333333333334,AVENIDA,"['CURAPALIGUE AV.', 'DIAZ, AVELINO']",1,7,AUTO-AUTO,AUTO,AUTO,-58.44497874,-34.63852623
2016-0028,1,2016,3,2,MIÉRCOLES,10.0,AVENIDA,"['VIAMONTE', '9 DE JULIO AV.']",1,1,PEATON-CARGAS,PEATON,CARGAS,-58.38199706,-34.60028648
2016-0029,1,2016,3,4,VIERNES,17.5,AVENIDA,"['CABILDO AV.', 'DEHEZA']",1,12,PEATON-PASAJEROS,PEATON,PASAJEROS,-58.47378664,-34.54153077
2016-0031,1,2016,3,1,MARTES,12.5,GRAL PAZ,"['PAZ, GRAL. AV.', 'ROCA, CNEL. AV.']",1,8,MOTO-PASAJEROS,MOTO,PASAJEROS,-58.47064556,-34.69843756
2016-0034,1,2016,3,5,SÁBADO,12.5,AVENIDA,"['ALCORTA, AMANCIO AV.', 'BONAVENA, OSCAR NATALIO']",1,4,PEATON-PASAJEROS,PEATON,PASAJEROS,-58.40623949,-34.65076549
2016-0035,1,2016,3,6,DOMINGO,6.0,AVENIDA,"['CORRIENTES AV.', 'CALLAO AV.']",1,3,MOTO-PASAJEROS,MOTO,PASAJEROS,-58.39228965,-34.60443527
2016-0036,1,2016,3,0,LUNES,0.25,CALLE,"['HERRERA', 'VALLE, ARISTOBULO DEL']",1,4,MOTO-PASAJEROS,MOTO,PASAJEROS,-58.37813396,-34.63668504
2016-0037,1,2016,3,5,SÁBADO,11.0,AVENIDA,"['LAFUENTE AV.', 'QUIRNO']",1,7,MOTO-MOTO,MOTO,MOTO,-58.46275892,-34.64358293
2016-0038,1,2016,3,0,LUNES,8.1,GRAL PAZ,"['PAZ, GRAL. AV.', 'ZUVIRIA']",1,8,PEATON-PASAJEROS,PEATON,PASAJEROS,-58.49683458,-34.67892743
2016-0039,1,2016,3,2,MIÉRCOLES,1.8333333333333335,AVENIDA,"['MITRE, BARTOLOME', 'PUEYRREDON AV.']",1,3,MOTO-PASAJEROS,MOTO,PASAJEROS,-58.40603217,-34.6088396
2016-0041,2,2016,3,1,MARTES,11.0,AVENIDA,"['DIRECTORIO AV.', 'RIVERA INDARTE AV.']",1,7,MOTO-CARGAS,MOTO,CARGAS,-58.4607655,-34.63350444
2016-0043,1,2016,3,2,MIÉRCOLES,18.25,AVENIDA,"['DELLEPIANE, LUIS, TTE. GRAL.', 'MURGUIONDO']",1,8,PEATON-CARGAS,PEATON,CARGAS,-58.47832463,-34.67494416
2016-0044,1,2016,3,3,JUEVES,19.666666666666668,AVENIDA,"['MORENO, JOSE MARIA AV.', 'BALBASTRO']",1,7,MULTIPLE,MOTO,MULTIPLE,-58.43213235,-34.63693953
2016-0045,1,2016,4,0,LUNES,10.416666666666666,GRAL PAZ,"['PAZ, GRAL. AV.', 'DEL LIBERTADOR AV.']",1,13,MOTO-SD,MOTO,SD,-58.46743471,-34.53476874
2016-0047,1,2016,4,4,VIERNES,5.5,CALLE,['LIMA'],0,1,PEATON-PASAJEROS,PEATON,PASAJEROS,-58.38247061,-34.62571878
2016-0048,1,2016,4,4,VIERNES,17.666666666666668,AVENIDA,"['CORRIENTES AV.', 'DORREGO AV.']",1,15,PEATON-PASAJEROS,PEATON,PASAJEROS,-58.44759966,-34.5917024
2016-0049,1,2016,4,6,DOMINGO,0.0,AUTOPISTA,['AUTOPISTA 1 SUR PRESIDENTE ARTURO FRONDIZI'],0,4,SD-SD,SD,SD,-58.37714647568196,-34.63657525428238
2016-0050,1,2016,4,1,MARTES,9.833333333333334,AVENIDA,"['GORDILLO, TIMOTEO', 'FERNANDEZ DE LA CRUZ, F., GRAL. AV.']",1,8,PEATON-PASAJEROS,PEATON,PASAJEROS,-58.47305463,-34.68550712
2016-0051,1,2016,4,2,MIÉRCOLES,4.0,AVENIDA,"['ALCORTA, AMANCIO AV.', 'BONAVENA, OSCAR NATALIO']",1,4,MOTO-CARGAS,MOTO,CARGAS,-58.40623949,-34.65076549
2016-0052,1,2016,4,2,MIÉRCOLES,20.0,AUTOPISTA,"['LUGONES, LEOPOLDO AV.']",0,13,MOTO-SD,MOTO,SD,-58.46743471,-34.53476874
2016-0053,1,2016,4,4,VIERNES,9.5,AVENIDA,"['TRIUNVIRATO AV.', 'OLAZABAL AV.']",1,12,PEATON-PASAJEROS,PEATON,PASAJEROS,-58.4842918,-34.57558053
2016-0054,1,2016,4,5,SÁBADO,21.0,AUTOPISTA,"['AUTOPISTA DELLEPIANE LUIS TTE. GRAL.', 'PAZ, GRAL. AV.']",1,8,MOTO-MOTO,MOTO,MOTO,-58.48695354,-34.68795245
2016-0055,1,2016,4,0,LUNES,20.5,AVENIDA,"['CASTILLA, RAMON, MARISCAL', 'FIGUEROA ALCORTA, PRES. AV.']",1,14,PEATON-CARGAS,PEATON,CARGAS,-58.40021959,-34.57964781
2016-0056,1,2016,4,1,MARTES,4.75,AVENIDA,"['CAMPOS, LUIS M. AV.']",0,14,MOTO-OBJETO FIJO,MOTO,OBJETO FIJO,-58.42957885,-34.57660058
2016-0058,1,2016,5,2,MIÉRCOLES,14.0,CALLE,['LIMA'],0,1,PEATON-MOTO,PEATON,MOTO,-58.38247542,-34.62556293
2016-0059,1,2016,5,6,DOMINGO,16.5,CALLE,"['CIUDADELA', 'LIMA']",1,1,PEATON-PASAJEROS,PEATON,PASAJEROS,-58.38222219,-34.62728101
2016-0064,1,2016,5,5,SÁBADO,18.183333333333334,AVENIDA,"['JUSTO, JUAN B. AV.', 'CARRASCO AV.']",1,10,PEATON-PASAJEROS,PEATON,PASAJEROS,-58.49485242,-34.62953445
2016-0065,1,2016,5,4,VIERNES,14.666666666666666,AVENIDA,"['GAONA AV.', 'ESPINOSA']",1,6,PEATON-AUTO,PEATON,AUTO,-58.45227946,-34.61068024
2016-0067,1,2016,5,5,SÁBADO,17.0,AVENIDA,"['DE LA TORRE, LISANDRO', 'SARAZA']",1,8,MOTO-PASAJEROS,MOTO,PASAJEROS,-58.48455411,-34.6751276
2016-0068,1,2016,5,6,DOMINGO,22.0,AVENIDA,"['FIGUEROA ALCORTA, PRES. AV.', 'PUEYRREDON AV.']",1,2,MOTO-PASAJEROS,MOTO,PASAJEROS,-58.39056593,-34.58418569
2016-0069,1,2016,5,0,LUNES,3.5,AVENIDA,"['ENTRE RIOS AV.', 'FILIBERTO']",1,3,AUTO-CARGAS,AUTO,CARGAS,-58.39118948,-34.62704273
2016-0073,1,2016,6,5,SÁBADO,15.0,CALLE,"['MAGARI?OS CERVANTES, A.']",0,10,MOTO-CARGAS,MOTO,CARGAS,-58.49021952,-34.62025108
2016-0074,1,2016,6,6,DOMINGO,6.666666666666667,GRAL PAZ,"['PAZ, GRAL. AV.', 'SCAPINO, RODOLFO']",1,8,AUTO-AUTO,AUTO,AUTO,-58.49896559,-34.67732118
2016-0075,1,2016,6,6,DOMINGO,23.216666666666665,AUTOPISTA,"['AUTOPISTA DELLEPIANE LUIS TTE. GRAL.', 'MIRALLA']",1,8,PEATON-AUTO,PEATON,AUTO,-58.47461076,-34.66874679
2016-0076,1,2016,6,0,LUNES,16.333333333333332,AVENIDA,"['SAN MARTIN AV.', 'CAMARONES']",1,15,PEATON-PASAJEROS,PEATON,PASAJEROS,-58.46210891,-34.60356211
2016-0077,1,2016,6,0,LUNES,21.866666666666667,AVENIDA,"['PERON, JUAN DOMINGO, TTE. GENERAL', 'ALEM, LEANDRO N. AV.']",1,1,PEATON-PASAJEROS,PEATON,PASAJEROS,-58.3702777,-34.60536123
2016-0078,1,2016,6,0,LUNES,23.016666666666666,AVENIDA,"['BELGRANO AV.', 'JUJUY AV.']",1,3,MOTO-MOTO,MOTO,MOTO,-58.40491455,-34.6146383
2016-0079,1,2016,6,3,JUEVES,17.216666666666665,AVENIDA,"['DEL LIBERTADOR AV.', 'UDAONDO, GUILLERMO AV.']",1,13,AUTO-AUTO,AUTO,AUTO,-58.45504154,-34.54864492
2016-0080,1,2016,6,5,SÁBADO,6.7,GRAL PAZ,"['PAZ, GRAL. AV.', 'RIVADAVIA AV.']",1,9,AUTO-SD,AUTO,SD,-58.52927982,-34.63931752
2016-0081,1,2016,6,2,MIÉRCOLES,7.7,AVENIDA,"['LARRALDE, CRISOLOGO AV.', 'MACHAIN']",1,12,MOTO-AUTO,MOTO,AUTO,-58.4872106,-34.55904606
2016-0082,1,2016,6,0,LUNES,18.4,AVENIDA,['LA PLATA AV.'],0,4,PEATON-AUTO,PEATON,AUTO,-58.42273092,-34.64228803
2016-0083,1,2016,6,1,MARTES,20.766666666666666,AVENIDA,"['ALBERDI, JUAN BAUTISTA AV.', 'PUAN']",1,6,PEATON-MOTO,PEATON,MOTO,-58.44788671,-34.62539009
2016-0084,1,2016,6,2,MIÉRCOLES,22.0,CALLE,"['PELLEGRINI, CARLOS', 'TUCUMAN']",1,1,PEATON-PASAJEROS,PEATON,PASAJEROS,-58.38110563,-34.60135531
2016-0085,1,2016,6,2,MIÉRCOLES,22.0,AVENIDA,"['RABANAL, FRANCISCO, INTENDENTE AV.', 'EREZCANO']",1,4,MOTO-MOVIL,MOTO,OTRO,-58.42378834,-34.657341
2016-0086,1,2016,6,3,JUEVES,16.166666666666668,AVENIDA,"['OLIVERA AV.', 'FALCON, RAMON L.,CNEL.']",1,10,PEATON-PASAJEROS,PEATON,PASAJEROS,-58.48727942,-34.63652467
2016-0087,1,2016,7,5,SÁBADO,0.16666666666666666,AUTOPISTA,['AUTOPISTA 1 SUR PRESIDENTE ARTURO FRONDIZI'],0,1,MOTO-OBJETO FIJO,MOTO,OBJETO FIJO,-58.37864583,-34.62907067
2016-0088,1,2016,7,0,LUNES,15.5,CALLE,"['CERETTI', 'NU?EZ']",1,12,PEATON-AUTO,PEATON,AUTO,-58.5015175,-34.56767549
2016-0089,1,2016,7,3,JUEVES,6.666666666666667,AUTOPISTA,"['LUGONES, LEOPOLDO AV.', 'LA PAMPA']",1,13,PEATON-AUTO,PEATON,AUTO,-58.43233425,-34.55185825
2016-0090,1,2016,7,3,JUEVES,22.0,AVENIDA,"['SALGUERO, JERONIMO', 'RIVADAVIA AV.']",1,5,PEATON-PASAJEROS,PEATON,PASAJEROS,-58.41971993,-34.6111224
2016-0092,1,2016,7,4,VIERNES,11.0,GRAL PAZ,"['PAZ, GRAL. AV.', 'DEL LIBERTADOR AV.']",1,13,MOTO-CARGAS,MOTO,CARGAS,-58.46743471,-34.53476874
2016-0093,1,2016,7,6,DOMINGO,3.5,AVENIDA,"['ALBERDI, JUAN BAUTISTA AV.', 'MITRE, EMILIO']",1,6,AUTO-AUTO,AUTO,AUTO,-58.44362126,-34.62301748
2016-0095,1,2016,7,5,SÁBADO,6.2,AVENIDA,"['MERCEDES', 'MOSCONI GENERAL AV.']",1,11,MOTO-AUTO,MOTO,AUTO,-58.51713095,-34.59546519
2016-0096,1,2016,7,0,LUNES,7.0,AUTOPISTA,['AUTOPISTA DELLEPIANE LUIS TTE. GRAL.'],0,8,MOTO-CARGAS,MOTO,CARGAS,-58.47433193007387,-34.66684950051973
2016-0097,1,2016,7,1,MARTES,18.75,CALLE,"['SOLIS', 'MEXICO']",1,1,PEATON-AUTO,PEATON,AUTO,-58.39038605,-34.6156281
2016-0098,1,2016,7,2,MIÉRCOLES,16.133333333333333,AVENIDA,"['SAN JUAN AV.', 'ALBERTI']",1,3,MOTO-CARGAS,MOTO,CARGAS,-58.40042405,-34.62356174
2016-0099,1,2016,7,4,VIERNES,16.0,GRAL PAZ,"['MOSCONI GENERAL AV.', 'PAZ, GRAL. AV.']",1,11,CARGAS-CARGAS,CARGAS,CARGAS,-58.52340614,-34.59798754
2016-0100,1,2016,8,2,MIÉRCOLES,23.45,GRAL PAZ,"['PAZ, GRAL. AV.', 'DONADO']",1,12,MOTO-OBJETO FIJO,MOTO,OBJETO FIJO,-58.49491054,-34.54795581
2016-0101,1,2016,8,6,DOMINGO,19.7,GRAL PAZ,"['PAZ, GRAL. AV.', 'CHAVEZ, JORGE']",1,9,SD-SD,SD,SD,-58.52932872,-34.65014993
2016-0102,1,2016,8,2,MIÉRCOLES,23.616666666666667,AVENIDA,"['PERON, EVA AV.', 'SUAREZ, JOSE LEON']",1,9,MOTO-CARGAS,MOTO,CARGAS,-58.50011639,-34.67316502
2016-0104,1,2016,8,6,DOMINGO,21.25,AVENIDA,"['ZINNY', 'SANTIAGO DE COMPOSTELA AV.']",1,9,MOTO-PASAJEROS,MOTO,PASAJEROS,-58.46635001,-34.65624369
2016-0105,1,2016,8,2,MIÉRCOLES,0.08333333333333333,AVENIDA,"['LACROZE, FEDERICO AV.', 'FRAGA']",1,15,PEATON-PASAJEROS,PEATON,PASAJEROS,-58.45343236,-34.58435809
2016-0106,1,2016,8,4,VIERNES,21.033333333333335,AVENIDA,"['PELLEGRINI, CARLOS', 'DEL LIBERTADOR AV.']",1,1,PEATON-PASAJEROS,PEATON,PASAJEROS,-58.38090932,-34.58927731
2016-0107,1,2016,8,5,SÁBADO,8.366666666666667,AUTOPISTA,['AUTOPISTA 1 SUR PRESIDENTE ARTURO FRONDIZI'],0,4,MOTO-AUTO,MOTO,AUTO,-58.37157668,-34.65429986
2016-0109,1,2016,8,2,MIÉRCOLES,5.75,AUTOPISTA,"['AUTOPISTA PERITO MORENO', 'BARRAGAN']",1,9,AUTO-OBJETO FIJO,AUTO,OBJETO FIJO,-58.52280139,-34.63659934
2016-0110,1,2016,8,2,MIÉRCOLES,20.35,AVENIDA,"['ALBERDI, JUAN BAUTISTA AV.', 'CARHUE']",1,9,PEATON-SD,PEATON,SD,-58.51232237,-34.6590353
2016-0111,1,2016,8,3,JUEVES,9.5,AUTOPISTA,"['LUGONES', 'LA PAMPA']",1,15,MOTO-CARGAS,MOTO,CARGAS,-58.47461905,-34.57663634
2016-0112,1,2016,8,5,SÁBADO,4.666666666666667,AUTOPISTA,"['AUTOPISTA 25 DE MAYO', 'AUTOPISTA 1 SUR PRESIDENTE ARTURO FRONDIZI']",1,1,MOTO-OBJETO FIJO,MOTO,OBJETO FIJO,-58.38268809,-34.62282019
2016-0113,1,2016,8,5,SÁBADO,16.75,AVENIDA,"['ALBERDI, JUAN BAUTISTA AV.', 'GUARDIA NACIONAL']",1,9,PEATON-PASAJEROS,PEATON,PASAJEROS,-58.49603546,-34.64564271
2016-0114,1,2016,8,2,MIÉRCOLES,11.333333333333334,CALLE,"['SALGUERO, JERONIMO']",0,14,BICICLETA-CARGAS,BICICLETA,CARGAS,-58.41848605,-34.59394733
2016-0115,1,2016,9,4,VIERNES,11.833333333333334,CALLE,"['ARIAS', 'TRONADOR']",1,12,SD-CARGAS,SD,CARGAS,-58.48935041,-34.54917673
2016-0116,1,2016,9,4,VIERNES,20.333333333333332,AVENIDA,"['27 DE FEBRERO AV.', 'ESCALADA AV.']",1,8,MOTO-AUTO,MOTO,AUTO,-58.44451316,-34.68475866
2016-0117,1,2016,9,5,SÁBADO,15.5,AVENIDA,"['DEL LIBERTADOR AV.', 'TAGLE']",1,14,AUTO-AUTO,AUTO,AUTO,-58.39936478,-34.58271474
2016-0118,1,2016,9,6,DOMINGO,3.5,AUTOPISTA,['AUTOPISTA 1 SUR PRESIDENTE ARTURO FRONDIZI'],0,1,AUTO-AUTO,AUTO,AUTO,-58.37936704,-34.62694503
2016-0119,1,2016,9,6,DOMINGO,6.666666666666667,AVENIDA,"['LARRALDE, CRISOLOGO AV.', 'TRIUNVIRATO AV.']",1,12,SD-SD,SD,SD,-58.49659234,-34.56353635
2016-0122,1,2016,9,1,MARTES,7.166666666666667,AVENIDA,"['PERON, EVA AV.']",0,9,BICICLETA-PASAJEROS,BICICLETA,PASAJEROS,-58.47256391,-34.65194557
2016-0123,1,2016,9,2,MIÉRCOLES,9.0,AVENIDA,"['ASAMBLEA AV.', 'BONORINO, ESTEBAN, CNEL. AV.']",1,7,MOTO-AUTO,MOTO,AUTO,-58.45130953,-34.64053676
2016-0124,1,2016,9,4,VIERNES,15.4,AVENIDA,"['RIVADAVIA AV.', 'RIVERA INDARTE AV.']",1,7,PEATON-PASAJEROS,PEATON,PASAJEROS,-58.46271207,-34.62884871
2016-0125,1,2016,9,5,SÁBADO,12.233333333333333,AUTOPISTA,"['AUTOPISTA PERITO MORENO', 'ALBERDI, JUAN BAUTISTA AV.']",1,10,MOTO-MOTO,MOTO,MOTO,-58.49020869,-34.64243791
2016-0126,2,2016,9,6,DOMINGO,22.75,CALLE,"['IRIGOYEN', 'TINOGASTA']",1,10,AUTO-CARGAS,AUTO,CARGAS,-58.52572109,-34.62125906
2016-0127,1,2016,9,5,SÁBADO,10.416666666666666,AVENIDA,"['ACOSTA, MARIANO', 'ROCA, CNEL. AV.']",1,8,PEATON-PASAJEROS,PEATON,PASAJEROS,-58.44094791,-34.66677111
2016-0128,1,2016,10,6,DOMINGO,11.5,AVENIDA,"['CASTRO', 'PAVON AV.']",1,5,PEATON-PASAJEROS,PEATON,PASAJEROS,-58.41914024,-34.6305389
2016-0130,1,2016,10,1,MARTES,12.5,AUTOPISTA,['AUTOPISTA 1 SUR PRESIDENTE ARTURO FRONDIZI'],0,1,MOTO-CARGAS,MOTO,CARGAS,-58.37910942,-34.62764717
2016-0131,1,2016,10,6,DOMINGO,19.216666666666665,CALLE,['MIRAVE'],0,4,PEATON-AUTO,PEATON,AUTO,-58.39871183,-34.64539318
2016-0132,1,2016,10,0,LUNES,2.5,AVENIDA,"['SAN JUAN AV.', '24 DE NOVIEMBRE']",1,3,AUTO-PASAJEROS,AUTO,PASAJEROS,-58.41036975,-34.62477021
2016-0133,1,2016,10,4,VIERNES,0.08333333333333333,AVENIDA,"['LAS HERAS GENERAL AV.', 'SANCHEZ DE BUSTAMANTE']",1,14,MOTO-AUTO,MOTO,AUTO,-58.40204698,-34.5834269
2016-0134,1,2016,10,6,DOMINGO,5.0,AVENIDA,"['PIEDRA BUENA AV.', '2 DE ABRIL DE 1982']",1,8,MOTO-OBJETO FIJO,MOTO,OBJETO FIJO,-58.48935287,-34.67648597
2016-0135,1,2016,10,0,LUNES,5.0,AVENIDA,"['FIGUEROA ALCORTA, PRES. AV.', 'PINEDO, INT.']",1,14,PEATON-SD,PEATON,SD,-58.42260225,-34.56403694
2016-0136,1,2016,10,1,MARTES,0.0,AUTOPISTA,['AUTOPISTA BUENOS AIRES - LA PLATA'],0,4,MOTO-CARGAS,MOTO,CARGAS,-58.37709334,-34.64035082
2016-0137,1,2016,10,1,MARTES,0.65,AVENIDA,"['SAN MARTIN AV.', 'LADINES']",1,11,MOTO-MOTO,MOTO,MOTO,-58.51537091,-34.59035925
2016-0138,1,2016,10,3,JUEVES,20.5,AVENIDA,"['CABILDO AV.', 'BLANCO ENCALADA']",1,13,BICICLETA-CARGAS,BICICLETA,CARGAS,-58.4590967,-34.55922742
2016-0139,1,2016,10,4,VIERNES,23.0,AVENIDA,"['FIGUEROA ALCORTA, PRES. AV.', 'DORREGO AV.']",1,14,MOTO-MOTO,MOTO,MOTO,-58.42008769,-34.56539579
2016-0140,1,2016,10,0,LUNES,2.966666666666667,AVENIDA,"['JURAMENTO AV.', 'VUELTA DE OBLIGADO']",1,13,PASAJEROS-PASAJEROS,PASAJEROS,PASAJEROS,-58.45566399,-34.56147293
2016-0142,1,2016,11,5,SÁBADO,23.5,AVENIDA,"['DEL LIBERTADOR AV.', 'RAMOS MEJIA, JOSE MARIA, DR. AV.']",1,1,MOTO-PASAJEROS,MOTO,PASAJEROS,-58.37533517,-34.59276462
2016-0143,1,2016,11,6,DOMINGO,4.683333333333334,AVENIDA,"['27 DE FEBRERO AV.', 'ESCALADA AV.']",1,8,MOTO-SD,MOTO,SD,-58.44451316,-34.68475866
2016-0144,1,2016,11,0,LUNES,12.166666666666666,AVENIDA,"['BROWN, ALTE. AV.']",0,4,PEATON-PASAJEROS,PEATON,PASAJEROS,-58.35975012,-34.63343907
2016-0145,1,2016,11,0,LUNES,20.933333333333334,AVENIDA,"['DEL LIBERTADOR AV.', 'LA PAMPA']",1,13,MOTO-AUTO,MOTO,AUTO,-58.44523595,-34.55953855
2016-0146,1,2016,11,2,MIÉRCOLES,20.0,AVENIDA,"['PICHINCHA AV.', 'BRASIL']",1,4,PEATON-PASAJEROS,PEATON,PASAJEROS,-58.39626094,-34.63036565
2016-0147,1,2016,11,2,MIÉRCOLES,21.25,AVENIDA,"['INDEPENDENCIA AV.', 'CEVALLOS, VIRREY']",1,1,MOVIL-PASAJEROS,MOVIL,PASAJEROS,-58.38896772,-34.61799615
2016-0148,1,2016,11,2,MIÉRCOLES,22.333333333333332,AVENIDA,['GARMENDIA AV.'],0,15,MOTO-MOTO,MOTO,MOTO,-58.46536113,-34.59484504
2016-0150,1,2016,11,4,VIERNES,18.333333333333332,AVENIDA,"['ALCORTA, AMANCIO AV.', 'TABORDA, DIOGENES']",1,4,CARGAS-CARGAS,CARGAS,CARGAS,-58.40879146,-34.65273216
2016-0152,1,2016,11,2,MIÉRCOLES,21.166666666666668,AVENIDA,"['MORENO, PERITO AV.', 'ZUVIRIA']",1,7,MOTO-AUTO,MOTO,AUTO,-58.46451841,-34.64991946
2016-0153,1,2016,11,4,VIERNES,15.7,AVENIDA,"['ARAOZ', 'CORDOBA AV.']",1,15,PEATON-MOTO,PEATON,MOTO,-58.4291709,-34.59485488
2016-0154,1,2016,11,5,SÁBADO,14.233333333333333,GRAL PAZ,"['PAZ, GRAL. AV.']",0,8,MOTO-MOTO,MOTO,MOTO,-58.49007772,-34.68251141
2016-0155,1,2016,11,5,SÁBADO,16.833333333333332,CALLE,['MADERO'],0,10,PEATON-AUTO,PEATON,AUTO,-58.52756365,-34.62772274
2016-0156,1,2016,11,5,SÁBADO,19.666666666666668,AVENIDA,"['INDEPENDENCIA AV.', 'DEAN FUNES']",1,3,MOTO-PASAJEROS,MOTO,PASAJEROS,-58.40638983,-34.61943202
2016-0157,1,2016,12,5,SÁBADO,6.666666666666667,AVENIDA,"['JUSTO, JUAN B. AV.']",0,11,MOTO-MOTO,MOTO,MOTO,-58.47576807,-34.61740997
2016-0159,1,2016,12,6,DOMINGO,7.35,AVENIDA,"['27 DE FEBRERO AV.', 'ESCALADA AV.']",1,8,AUTO-SD,AUTO,SD,-58.44451316,-34.68475866
2016-0160,1,2016,12,1,MARTES,5.5,AUTOPISTA,['AUTOPISTA PERITO MORENO'],0,9,CARGAS-OBJETO FIJO,CARGAS,OBJETO FIJO,-58.51927194,-34.63635787
2016-0161,1,2016,12,1,MARTES,7.366666666666666,AVENIDA,"['SANTA FE AV.', 'GODOY CRUZ']",1,14,PEATON-PASAJEROS,PEATON,PASAJEROS,-58.42525456,-34.57866344
2016-0162,1,2016,12,2,MIÉRCOLES,5.0,AVENIDA,"['LACROZE, FEDERICO AV.', 'FOREST AV.']",1,15,PEATON-AUTO,PEATON,AUTO,-58.45396573,-34.58518167
2016-0163,1,2016,12,5,SÁBADO,7.5,GRAL PAZ,"['PAZ, GRAL. AV.', 'MOSCONI GENERAL AV.']",1,11,MOTO-AUTO,MOTO,AUTO,-58.52340614,-34.59798754
2016-0164,1,2016,12,6,DOMINGO,6.266666666666667,AVENIDA,"['LA PLATA AV.', 'POMAR, GREGORIO TTE. CNEL.']",1,4,AUTO-AUTO,AUTO,AUTO,-58.42323628,-34.64119105
2016-0165,1,2016,12,0,LUNES,8.416666666666666,AVENIDA,"['GARCIA, MARTIN AV.']",0,4,BICICLETA-PASAJEROS,BICICLETA,PASAJEROS,-58.36926144,-34.62841919
2016-0168,1,2016,12,1,MARTES,10.666666666666666,AVENIDA,"['LA PLATA AV.', 'POMAR, GREGORIO TTE. CNEL.']",1,4,MOTO-AUTO,MOTO,AUTO,-58.42323628,-34.64119105
2016-0169,1,2016,12,3,JUEVES,15.5,AVENIDA,"['NU?EZ', 'BALBIN, RICARDO, DR. AV.']",1,12,MOTO-PASAJEROS,MOTO,PASAJEROS,-58.47935434,-34.55676497
2016-0170,1,2016,12,0,LUNES,17.166666666666668,GRAL PAZ,"['PAZ, GRAL. AV.']",0,12,MOTO-AUTO,MOTO,AUTO,-58.50598256,-34.5637998
2016-0171,1,2016,12,6,DOMINGO,19.0,AUTOPISTA,"['HUERGO, ING. AV.', 'AUTOPISTA 25 DE MAYO']",1,1,MOTO-MOTO,MOTO,MOTO,-58.36607137,-34.62150748
2016-0172,1,2016,12,0,LUNES,8.0,AVENIDA,"['GARAY, JUAN DE AV.', 'CASTRO']",1,5,MOTO-CARGAS,MOTO,CARGAS,-58.41918902,-34.63174259
2016-0173,1,2016,12,0,LUNES,19.866666666666667,AVENIDA,"['DIRECTORIO AV.', 'SAN PEDRITO AV.']",1,7,MOTO-CARGAS,MOTO,CARGAS,-58.46749188,-34.63551751
2016-0175,1,2016,12,1,MARTES,8.25,CALLE,"['FALCON, RAMON L.,CNEL.', 'MEMBRILLAR']",1,7,PEATON-BICICLETA,PEATON,BICICLETA,-58.46064174,-34.62960517
2016-0176,1,2016,12,2,MIÉRCOLES,1.6833333333333333,AVENIDA,"['BELGRANO AV.', 'PASEO COLON AV.']",1,1,MOTO-PASAJEROS,MOTO,PASAJEROS,-58.36956186,-34.61232875
2016-0177,1,2016,12,3,JUEVES,4.0,CALLE,['ARENALES'],0,14,PEATON-AUTO,PEATON,AUTO,-58.40966671,-34.58788235
2016-0178,1,2016,12,4,VIERNES,16.3,CALLE,"['REPUBLICA BOLIVARIANA DE VENEZUELA', 'SAAVEDRA']",1,3,MULTIPLE,PEATON,MULTIPLE,-58.40288226,-34.61544091
2017-0001,1,2017,1,0,LUNES,1.0,AVENIDA,"['JUSTO, JUAN B. AV.', 'ACHUPALLAS']",1,11,MOTO-CARGAS,MOTO,CARGAS,-58.4659423,-34.61028571
2017-0003,1,2017,1,3,JUEVES,3.1666666666666665,AVENIDA,"['OLAVARRIA', 'VELEZ SARSFIELD AV.']",1,4,CARGAS-CARGAS,CARGAS,CARGAS,-58.38957669,-34.64410277
2017-0007,1,2017,1,2,MIÉRCOLES,17.0,CALLE,"['LIMA', 'MEXICO']",1,1,MULTIPLE,PEATON,MULTIPLE,-58.3816166,-34.61529543
2017-0008,1,2017,1,0,LUNES,0.6666666666666666,CALLE,"['CABRERA, JOSE A.', 'BONPLAND']",1,14,MOTO-PASAJEROS,MOTO,PASAJEROS,-58.43917004,-34.58494351
2017-0009,1,2017,1,0,LUNES,13.933333333333334,AUTOPISTA,['AUTOPISTA 25 DE MAYO'],0,5,MOTO-CARGAS,MOTO,CARGAS,-58.41595919,-34.62743346
2017-0010,1,2017,1,0,LUNES,16.5,AVENIDA,"['DIRECTORIO AV.', 'RIGLOS']",1,6,MOTO-AUTO,MOTO,AUTO,-58.4356488,-34.62828656
2017-0011,1,2017,1,6,DOMINGO,2.5,GRAL PAZ,"['PAZ, GRAL. AV.', 'BALBIN, RICARDO, DR. AV.']",1,12,MOTO-OBJETO FIJO,MOTO,OBJETO FIJO,-58.5007381,-34.5497951
2017-0012,1,2017,1,1,MARTES,14.0,CALLE,"['TRAFUL', 'TABORDA, DIOGENES']",1,4,MOTO-CARGAS,MOTO,CARGAS,-58.40969005,-34.6505529
2017-0013,1,2017,1,4,VIERNES,7.0,AVENIDA,"['IRIARTE, GRAL. AV.']",0,4,PEATON-CARGAS,PEATON,CARGAS,-58.38972622,-34.65098981
2017-0014,1,2017,1,5,SÁBADO,8.45,AVENIDA,"['DONADO', 'ARIAS']",1,12,MULTIPLE,MOTO,MULTIPLE,-58.49185972,-34.55046754
2017-0015,1,2017,2,3,JUEVES,15.3,AVENIDA,"['CORDOBA AV.', 'CALLAO AV.']",1,2,PEATON-AUTO,PEATON,AUTO,-58.39293417,-34.59963642
2017-0016,1,2017,2,4,VIERNES,5.2,AUTOPISTA,['AUTOPISTA 25 DE MAYO'],0,1,MOTO-CARGAS,MOTO,CARGAS,-58.38099494,-34.62288231
2017-0017,1,2017,2,0,LUNES,8.0,AVENIDA,"['JUSTO, JUAN B. AV.', 'PARAGUAY']",1,14,MOTO-AUTO,MOTO,AUTO,-58.429012,-34.58095431
2017-0018,1,2017,2,3,JUEVES,7.0,GRAL PAZ,"['PAZ, GRAL. AV.', 'DE LOS CORRALES AV.']",1,9,MOTO-AUTO,MOTO,AUTO,-58.50877521,-34.66977709
2017-0021,1,2017,2,5,SÁBADO,5.5,CALLE,"['SARMIENTO', 'LIBERTAD']",1,1,MOTO-PASAJEROS,MOTO,PASAJEROS,-58.38362373,-34.60509972
2017-0024,1,2017,2,3,JUEVES,20.833333333333332,AVENIDA,['RIVADAVIA AV.'],0,7,PEATON-PASAJEROS,PEATON,PASAJEROS,-58.46589308,-34.62955795
2017-0025,1,2017,2,4,VIERNES,17.083333333333332,AVENIDA,"['FERNANDEZ DE LA CRUZ, F., GRAL. AV.', 'RIVERA INDARTE AV.']",1,7,MOTO-SD,MOTO,SD,-58.43614426,-34.6542464
2017-0026,2,2017,2,6,DOMINGO,5.25,AVENIDA,"['MORENO, PERITO AV.', 'FOURNIER']",1,4,AUTO-OBJETO FIJO,AUTO,OBJETO FIJO,-58.41842777,-34.64979057
2017-0027,1,2017,2,6,DOMINGO,21.95,AVENIDA,['CASEROS AV.'],0,1,PEATON-AUTO,PEATON,AUTO,-58.38332245,-34.6319325
2017-0028,1,2017,2,1,MARTES,9.333333333333334,AVENIDA,"['GAONA AV.', 'FRAGATA PRES. SARMIENTO']",1,6,PEATON-AUTO,PEATON,AUTO,-58.45475488,-34.61196327
2017-0029,1,2017,3,1,MARTES,2.25,CALLE,"['MOZART', 'TANDIL']",1,9,SD-AUTO,SD,AUTO,-58.48501341,-34.64742455
2017-0030,1,2017,3,1,MARTES,8.0,AVENIDA,"['MOZART', 'AUTOPISTA DELLEPIANE LUIS TTE. GRAL.']",1,9,AUTO-PASAJEROS,AUTO,PASAJEROS,-58.47010988,-34.65872088
2017-0031,1,2017,3,5,SÁBADO,1.5,CALLE,"['24 DE NOVIEMBRE', 'PAVON']",1,3,AUTO-OBJETO FIJO,AUTO,OBJETO FIJO,-58.4099756,-34.62873635
2017-0032,1,2017,3,6,DOMINGO,5.0,GRAL PAZ,"['PAZ, GRAL. AV.', 'LOS CEDROS']",1,8,AUTO-AUTO,AUTO,AUTO,-58.48892175,-34.68359163
2017-0033,1,2017,3,6,DOMINGO,7.5,GRAL PAZ,"['PAZ, GRAL. AV.', 'GUTIERREZ, RICARDO']",1,11,AUTO-AUTO,AUTO,AUTO,-58.52466448,-34.60325478
2017-0034,1,2017,3,0,LUNES,7.833333333333333,CALLE,['GODOY CRUZ'],0,14,PEATON-AUTO,PEATON,AUTO,-58.42554218,-34.57929036
2017-0035,3,2017,3,3,JUEVES,5.0,AVENIDA,"['ACHAVAL RODRIGUEZ, T., DR. AV.', 'VILLAFLOR, AZUCENA']",1,1,AUTO-OBJETO FIJO,AUTO,OBJETO FIJO,-58.35881506,-34.61113641
2017-0036,2,2017,3,2,MIÉRCOLES,18.0,GRAL PAZ,"['PAZ, GRAL. AV.', 'CAMPANA']",1,12,MOTO-PASAJEROS,MOTO,PASAJEROS,-58.51452347,-34.58159762
2017-0037,1,2017,3,4,VIERNES,3.0,AVENIDA,"['INDEPENDENCIA AV.', 'CEVALLOS, VIRREY']",1,1,MOTO-CARGAS,MOTO,CARGAS,-58.38896772,-34.61799615
2017-0038,1,2017,4,5,SÁBADO,19.0,AVENIDA,"['CASTA?ARES AV.', 'LAUTARO']",1,7,MOTO-AUTO,MOTO,AUTO,-58.44516857,-34.64363363
2017-0040,1,2017,4,0,LUNES,9.666666666666666,AVENIDA,"['GUIRALDES, INT.']",0,13,MULTIPLE,AUTO,MULTIPLE,-58.43834197,-34.54560369
2017-0041,1,2017,4,0,LUNES,23.25,CALLE,"['FERNANDEZ MORENO, BALDOMERO']",0,7,MOTO-AUTO,MOTO,AUTO,-58.45485084,-34.63531854
2017-0042,1,2017,4,0,LUNES,9.0,GRAL PAZ,"['LUGONES, LEOPOLDO AV.']",0,14,MOTO-CARGAS,MOTO,CARGAS,-58.42525456,-34.57866344
2017-0045,1,2017,4,4,VIERNES,6.25,CALLE,['NOGOYA'],0,10,MOTO-OBJETO FIJO,MOTO,OBJETO FIJO,-58.52449285,-34.62454175
2017-0047,1,2017,4,6,DOMINGO,6.5,AVENIDA,"['ARGENTINA AV.', 'CORVALAN']",1,8,MOTO-AUTO,MOTO,AUTO,-58.46713742,-34.6719879
2017-0049,1,2017,4,3,JUEVES,18.266666666666666,AVENIDA,"['FERNANDEZ DE LA CRUZ, F., GRAL. AV.', 'VARELA AV.']",1,8,PEATON-PASAJEROS,PEATON,PASAJEROS,-58.43850413,-34.65554754
2017-0050,2,2017,4,4,VIERNES,11.133333333333333,AUTOPISTA,['AUTOPISTA PERITO MORENO'],0,9,MOTO-CARGAS,MOTO,CARGAS,-58.50877521,-34.66977709
2017-0051,1,2017,5,0,LUNES,3.783333333333333,AUTOPISTA,['AUTOPISTA DELLEPIANE LUIS TTE. GRAL.'],0,7,AUTO-AUTO,AUTO,AUTO,-58.46749188,-34.63070603
2017-0052,1,2017,5,4,VIERNES,3.6666666666666665,GRAL PAZ,"['PAZ, GRAL. AV.', 'GOLETA SANTA CRUZ']",1,8,PEATON-CARGAS,PEATON,CARGAS,-58.49413799,-34.68095739
2017-0053,1,2017,5,4,VIERNES,20.266666666666666,CALLE,"['VIEYTES', 'VILLARINO']",1,4,MOTO-CARGAS,MOTO,CARGAS,-58.37547846,-34.65326075
2017-0054,1,2017,5,6,DOMINGO,21.0,AVENIDA,"['DE LOS CONSTITUYENTES AV.', 'MORAN, PEDRO']",1,15,MOTO-AUTO,MOTO,AUTO,-58.48680218,-34.58689719
2017-0055,1,2017,5,1,MARTES,8.5,AVENIDA,['DE LOS CONSTITUYENTES AV.'],0,12,AUTO-AUTO,AUTO,AUTO,-58.49563989,-34.57962262
2017-0058,1,2017,5,1,MARTES,23.166666666666668,AVENIDA,"['CORDOBA AV.', 'LIBERTAD']",1,1,PEATON-MOTO,PEATON,MOTO,-58.38403232,-34.5991594
2017-0059,1,2017,5,3,JUEVES,9.4,CALLE,"['BRASIL', 'LIMA']",1,1,PEATON-PASAJEROS,PEATON,PASAJEROS,-58.38223382,-34.62693865
2017-0060,1,2017,5,5,SÁBADO,7.333333333333333,AVENIDA,"['ESCALADA AV.', 'FERNANDEZ DE LA CRUZ, F., GRAL. AV.']",1,8,MOTO-OBJETO FIJO,MOTO,OBJETO FIJO,-58.45966521,-34.67323292
2017-0061,1,2017,5,0,LUNES,13.483333333333333,AVENIDA,"['PARAGUAY', 'CALLAO AV.']",1,2,PEATON-MOTO,PEATON,MOTO,-58.39303911,-34.59871111
2017-0062,1,2017,5,0,LUNES,16.0,AVENIDA,"['JUSTO, JUAN B. AV.', 'SAN BLAS']",1,10,MOTO-CARGAS,MOTO,CARGAS,-58.51262106,-34.63395999
2017-0063,1,2017,5,2,MIÉRCOLES,10.216666666666667,AVENIDA,"['CHILE', '9 DE JULIO AV.']",1,1,PEATON-PASAJEROS,PEATON,PASAJEROS,-58.38118367,-34.61646839
2017-0064,1,2017,5,5,SÁBADO,5.0,CALLE,"['MAIPU', 'PERON, JUAN DOMINGO, TTE. GENERAL']",1,1,CARGAS-AUTO,CARGAS,AUTO,-58.37653284,-34.60582475
2017-0065,1,2017,5,0,LUNES,16.0,AVENIDA,"['SUAREZ AV.', 'HERRERA']",1,4,BICICLETA-CARGAS,BICICLETA,CARGAS,-58.37709334,-34.64035082
2017-0066,1,2017,5,0,LUNES,18.166666666666668,AVENIDA,"['SAN MARTIN AV.', 'FRAGATA PRES. SARMIENTO']",1,15,PEATON-PASAJEROS,PEATON,PASAJEROS,-58.46002142,-34.60409469
2017-0067,1,2017,5,1,MARTES,2.75,AVENIDA,"['DIRECTORIO AV.', 'MORENO, JOSE MARIA AV.']",1,6,MOTO-CARGAS,MOTO,CARGAS,-58.4338197,-34.62801894
2017-0068,1,2017,5,5,SÁBADO,19.833333333333332,AVENIDA,"['RABANAL, FRANCISCO, INTENDENTE AV.']",0,8,MOTO-OBJETO FIJO,MOTO,OBJETO FIJO,-58.43580656,-34.66437532
2017-0069,1,2017,5,2,MIÉRCOLES,14.25,GRAL PAZ,"['PAZ, GRAL. AV.', 'SCHMIDL, ULRICO']",1,9,MOTO-SD,MOTO,SD,-58.52173071,-34.65997463
2017-0070,1,2017,5,1,MARTES,13.333333333333334,CALLE,['NUEVA YORK'],0,11,PEATON-AUTO,PEATON,AUTO,-58.50791763,-34.59804273
2017-0072,1,2017,6,5,SÁBADO,23.333333333333332,AVENIDA,"['DE LOS CONSTITUYENTES AV.', 'VALLEJOS']",1,12,AUTO-AUTO,AUTO,AUTO,-58.49175088,-34.58226957
2017-0073,1,2017,6,6,DOMINGO,9.0,AVENIDA,"['CORRIENTES AV.', 'ECUADOR']",1,3,MOTO-AUTO,MOTO,AUTO,-58.40781467,-34.60425669
2017-0074,1,2017,6,6,DOMINGO,12.833333333333334,CALLE,['CASCO'],0,9,SD-SD,SD,SD,-58.52567073,-34.63787791
2017-0075,1,2017,6,0,LUNES,22.633333333333333,AVENIDA,"['DE MAYO AV.', '9 DE JULIO AV.']",1,1,PEATON-MOTO,PEATON,MOTO,-58.381542,-34.60906385
2017-0076,1,2017,6,1,MARTES,14.833333333333334,AVENIDA,"['CASTILLO, RAMON S., PRES. AV.', 'CALLE 12 (NO OFICIAL)']",1,2,PEATON-CARGAS,PEATON,CARGAS,-58.38526125,-34.5780581
2017-0077,1,2017,6,5,SÁBADO,23.75,CALLE,['FRAY JUSTO SANTAMARIA DE ORO'],0,14,MOTO-CARGAS,MOTO,CARGAS,-58.42934104,-34.58451712
2017-0079,1,2017,6,0,LUNES,16.433333333333334,CALLE,"['MEXICO', 'DEAN FUNES']",1,3,MOTO-CARGAS,MOTO,CARGAS,-58.40657493,-34.61781124
2017-0080,1,2017,6,3,JUEVES,10.25,AVENIDA,"['ALBERDI, JUAN BAUTISTA AV.', 'ESCALADA AV.']",1,9,PEATON-CARGAS,PEATON,CARGAS,-58.49525314,-34.64487785
2017-0082,1,2017,6,6,DOMINGO,22.666666666666668,AVENIDA,"['ENTRE RIOS AV.', 'BRASIL']",1,4,PEATON-AUTO,PEATON,AUTO,-58.39092851,-34.62932696
2017-0083,1,2017,7,1,MARTES,0.4166666666666667,AVENIDA,"['ALBERDI, JUAN BAUTISTA AV.', 'GUARDIA NACIONAL']",1,9,MOTO-CARGAS,MOTO,CARGAS,-58.49603546,-34.64564271
2017-0084,1,2017,7,2,MIÉRCOLES,12.816666666666666,AVENIDA,"['DEL LIBERTADOR AV.', 'RODRIGUEZ PE?A']",1,2,PEATON-PASAJEROS,PEATON,PASAJEROS,-58.38502878,-34.58703485
2017-0085,1,2017,7,4,VIERNES,14.25,AVENIDA,"['TACUARI', 'GARCIA, MARTIN AV.']",1,4,PEATON-PASAJEROS,PEATON,PASAJEROS,-58.37261143,-34.63150425
2017-0086,1,2017,7,6,DOMINGO,7.5,AVENIDA,"['RIVADAVIA AV.', 'MURGUIONDO']",1,9,PEATON-MOTO,PEATON,MOTO,-58.51876802,-34.63905965
2017-0087,1,2017,7,0,LUNES,10.75,CALLE,['24 DE NOVIEMBRE'],0,3,PEATON-AUTO,PEATON,AUTO,-58.41095567,-34.61516101
2017-0088,1,2017,7,0,LUNES,22.5,AVENIDA,"['PASEO COLON AV.', 'BRASIL AV.']",1,1,PEATON-PASAJEROS,PEATON,PASAJEROS,-58.36797542,-34.62519403
2017-0089,1,2017,7,3,JUEVES,12.083333333333334,CALLE,"['LEGUIZAMON, MARTINIANO']",0,9,SD-AUTO,SD,AUTO,-58.51514709,-34.64787051
2017-0090,1,2017,7,5,SÁBADO,5.25,GRAL PAZ,"['CHIVILCOY AV.', 'PAZ, GRAL. AV.']",1,11,PEATON-AUTO,PEATON,AUTO,-58.51925642,-34.59171721
2017-0091,1,2017,7,5,SÁBADO,13.0,GRAL PAZ,"['SUPERI', 'PAZ, GRAL. AV.']",1,12,MOTO-SD,MOTO,SD,-58.48671535,-34.54321216
2017-0092,1,2017,7,0,LUNES,22.266666666666666,AUTOPISTA,"['AUTOPISTA 25 DE MAYO', 'AUTOPISTA 1 SUR PRESIDENTE ARTURO FRONDIZI']",1,1,PEATON-AUTO,PEATON,AUTO,-58.38268809,-34.62282019
2017-0093,1,2017,7,1,MARTES,16.8,AUTOPISTA,"['LUGONES, LEOPOLDO AV.', 'PUENTE DISTRIBUIDOR SCALABRINI ORTIZ']",1,13,PEATON-AUTO,PEATON,AUTO,-58.43633522,-34.54966288
2017-0094,1,2017,7,3,JUEVES,8.833333333333334,CALLE,"['HUGO, VICTOR']",0,10,BICICLETA-CARGAS,BICICLETA,CARGAS,-58.52640838,-34.61765855
2017-0095,1,2017,8,6,DOMINGO,8.0,AVENIDA,"['CORDOBA AV.', 'SALGUERO, JERONIMO']",1,14,MOTO-AUTO,MOTO,AUTO,-58.41894306,-34.59778875
2017-0096,1,2017,8,0,LUNES,19.833333333333332,AVENIDA,"['CABILDO AV.', 'NU?EZ']",1,13,PEATON-PASAJEROS,PEATON,PASAJEROS,-58.46756026,-34.54972741
2017-0098,1,2017,8,1,MARTES,12.166666666666666,CALLE,"['BONIFACIO, JOSE']",0,7,PEATON-AUTO,PEATON,AUTO,-58.45715752,-34.63132912
2017-0099,1,2017,8,3,JUEVES,19.75,AVENIDA,"['FIGUEROA ALCORTA, PRES. AV.']",0,14,BICICLETA-AUTO,BICICLETA,AUTO,-58.42406784,-34.56213916
2017-0100,1,2017,8,0,LUNES,7.75,CALLE,['REPUBLICA BOLIVARIANA DE VENEZUELA'],0,3,MOTO-OBJETO FIJO,MOTO,OBJETO FIJO,-58.3967447,-34.61512051
2017-0101,1,2017,8,2,MIÉRCOLES,10.0,AVENIDA,"['LACROZE, FEDERICO AV.', 'ZAPATA']",1,13,MULTIPLE,PEATON,MULTIPLE,-58.44537508,-34.57084818
2017-0102,1,2017,8,3,JUEVES,1.1666666666666667,AVENIDA,"['IRIARTE, GRAL. AV.', 'ZAVALETA']",1,4,PEATON-CARGAS,PEATON,CARGAS,-58.40056767,-34.6510708
2017-0104,1,2017,8,4,VIERNES,9.0,AVENIDA,"['9 DE JULIO AV.', 'ESTADOS UNIDOS']",1,1,PEATON-CARGAS,PEATON,CARGAS,-58.38109568,-34.61853244
2017-0106,1,2017,8,3,JUEVES,19.833333333333332,CALLE,"['FRAY JUSTO SANTAMARIA DE ORO', 'GUEMES']",1,14,PEATON-PASAJEROS,PEATON,PASAJEROS,-58.42533612,-34.58035258
2017-0107,1,2017,9,4,VIERNES,11.5,AVENIDA,"['DEL LIBERTADOR AV.', 'JARAMILLO']",1,13,MOTO-CARGAS,MOTO,CARGAS,-58.46062311,-34.54395182
2017-0108,2,2017,9,5,SÁBADO,4.883333333333333,GRAL PAZ,"['PAZ, GRAL. AV.', 'MACHAIN']",1,12,AUTO-OBJETO FIJO,OBJETO FIJO,AUTO,-58.49491054,-34.54795581
2017-0109,1,2017,9,0,LUNES,21.0,AVENIDA,"['DIRECTORIO AV.', 'PORTELA']",1,7,MOTO-AUTO,MOTO,AUTO,-58.47130269,-34.63665402
2017-0110,1,2017,9,2,MIÉRCOLES,14.25,AVENIDA,"['LAVALLE', 'ALEM, LEANDRO N. AV.']",1,1,PEATON-PASAJEROS,PEATON,PASAJEROS,-58.370488,-34.60189492
2017-0111,1,2017,9,3,JUEVES,18.383333333333333,CALLE,"['USPALLATA', 'PIROVANO']",1,4,PEATON-CARGAS,PEATON,CARGAS,-58.42023854,-34.6423411
2017-0112,2,2017,9,6,DOMINGO,9.533333333333333,AUTOPISTA,['AUTOPISTA 25 DE MAYO'],0,7,AUTO-OBJETO FIJO,AUTO,OBJETO FIJO,-58.45807401,-34.6399743
2017-0113,1,2017,9,0,LUNES,6.5,AVENIDA,"['SANTA FE AV.', 'MAIPU']",1,1,PEATON-PASAJEROS,PEATON,PASAJEROS,-58.37697717,-34.59573848
2017-0114,1,2017,9,4,VIERNES,2.5,AVENIDA,"['ALVEAR AV.', 'DEL LIBERTADOR AV.']",1,2,AUTO-OBJETO FIJO,AUTO,OBJETO FIJO,-58.3910058,-34.5849866
2017-0115,1,2017,9,1,MARTES,18.866666666666667,AVENIDA,"['PAVON AV.', 'TREINTA Y TRES ORIENTALES']",1,5,MOTO-BICICLETA,MOTO,BICICLETA,-58.42182126,-34.63089661
2017-0116,1,2017,9,2,MIÉRCOLES,22.4,GRAL PAZ,"['PAZ, GRAL. AV.']",0,12,MOTO-OBJETO FIJO,MOTO,OBJETO FIJO,-58.51389422,-34.58075791
2017-0118,1,2017,9,4,VIERNES,7.033333333333333,AVENIDA,"['VIEYTES', 'CRUZ, OSVALDO AV.']",1,4,MOTO-AUTO,MOTO,AUTO,-58.37585415,-34.65232158
2017-0120,1,2017,10,0,LUNES,15.916666666666666,AUTOPISTA,"['AUTOPISTA DELLEPIANE LUIS TTE. GRAL.', 'ESCALADA AV.']",1,9,MOTO-CARGAS,MOTO,CARGAS,-58.47297505,-34.66245085
2017-0123,1,2017,10,1,MARTES,1.0833333333333333,AVENIDA,"['ALBARI?O', 'ARGENTINA AV.']",1,8,PEATON-AUTO,PEATON,AUTO,-58.46855503,-34.67216349
2017-0124,1,2017,10,3,JUEVES,14.666666666666666,CALLE,"['RAMIREZ DE VELASCO, JUAN']",0,15,MOTO-PASAJEROS,MOTO,PASAJEROS,-58.44254033,-34.59185043
2017-0125,1,2017,10,4,VIERNES,6.2,AVENIDA,"['FERNANDEZ DE LA CRUZ, F., GRAL. AV.', 'LARRAYA']",1,8,MOTO-OBJETO FIJO,MOTO,OBJETO FIJO,-58.46622247,-34.67926929
2017-0126,2,2017,10,5,SÁBADO,6.25,AVENIDA,"['RIESTRA AV.', 'CA?ADA DE GOMEZ']",1,8,AUTO-OBJETO FIJO,AUTO,OBJETO FIJO,-58.48003734,-34.68148508
2017-0127,1,2017,10,0,LUNES,7.75,AVENIDA,"['GALLO', 'CORDOBA AV.']",1,2,MOTO-MOTO,MOTO,MOTO,-58.41192137,-34.59800248
2017-0128,1,2017,10,1,MARTES,12.5,CALLE,"['ARANGUREN, JUAN F., DR.']",0,6,PEATON-PASAJEROS,PEATON,PASAJEROS,-58.44034689,-34.61349731
2017-0129,1,2017,10,3,JUEVES,19.25,AUTOPISTA,"['AUTOPISTA PERITO MORENO', 'AUTOPISTA 25 DE MAYO']",1,9,MOTO-PASAJEROS,MOTO,PASAJEROS,-58.47155277,-34.64925746
2017-0130,1,2017,10,4,VIERNES,5.5,AVENIDA,"['CHORROARIN', 'SAN MARTIN AV.']",1,15,AUTO-CARGAS,AUTO,CARGAS,-58.47883099,-34.59967065
2017-0132,1,2017,10,0,LUNES,14.0,AVENIDA,"['COSQUIN', 'ROCA, CNEL. AV.']",1,8,MOTO-PASAJEROS,MOTO,PASAJEROS,-58.46552171,-34.6937413
2017-0134,1,2017,11,0,LUNES,18.0,AVENIDA,"['ROCA, CNEL. AV.']",0,8,PEATON-PASAJEROS,PEATON,PASAJEROS,-58.4423972,-34.66777987
2017-0135,1,2017,11,1,MARTES,12.233333333333333,AVENIDA,"['WARNES AV.', 'PUNTA ARENAS']",1,15,MOTO-CARGAS,MOTO,CARGAS,-58.47032551,-34.59626814
2017-0136,1,2017,11,3,JUEVES,8.716666666666667,AVENIDA,"['BARCO CENTENERA DEL', 'RABANAL, FRANCISCO, INTENDENTE AV.']",1,4,PEATON-PASAJEROS,PEATON,PASAJEROS,-58.41827843,-34.65522746
2017-0137,1,2017,11,4,VIERNES,11.75,AVENIDA,"['MOSCONI GENERAL AV.', 'SAN NICOLAS']",1,11,PEATON-CARGAS,PEATON,CARGAS,-58.51280715,-34.59279388
2017-0138,1,2017,11,6,DOMINGO,10.5,AVENIDA,"['LAFUENTE AV.', 'PERON, EVA AV.']",1,7,MOTO-OBJETO FIJO,MOTO,OBJETO FIJO,-58.46258582,-34.64385704
2017-0139,1,2017,11,6,DOMINGO,22.5,AVENIDA,"['ROCA, CNEL. AV.', 'ESCALADA AV.']",1,8,AUTO-OBJETO FIJO,AUTO,OBJETO FIJO,-58.45064148,-34.68003614
2017-0140,1,2017,11,6,DOMINGO,23.366666666666667,AUTOPISTA,['AUTOPISTA 1 SUR PRESIDENTE ARTURO FRONDIZI'],0,4,MOTO-PASAJEROS,MOTO,PASAJEROS,-58.37709334,-34.64035082
2017-0141,1,2017,11,3,JUEVES,19.75,AVENIDA,"['LA PLATA AV.', 'GOYENA, PEDRO AV.']",1,6,PEATON-PASAJEROS,PEATON,PASAJEROS,-58.42717783,-34.62513374
2017-0143,1,2017,11,5,SÁBADO,21.75,CALLE,"['TRELLES, MANUEL R.', 'DIAZ, CESAR, GRAL.']",1,11,AUTO-PASAJEROS,AUTO,PASAJEROS,-58.46442001,-34.60724519
2017-0144,1,2017,11,6,DOMINGO,6.75,GRAL PAZ,"['ROCA, CNEL. AV.', 'PAZ, GRAL. AV.']",1,8,AUTO-OBJETO FIJO,AUTO,OBJETO FIJO,-58.47064556,-34.69843756
2017-0145,1,2017,11,6,DOMINGO,17.083333333333332,CALLE,"['MAZA', 'DON BOSCO']",1,5,MOTO-AUTO,MOTO,AUTO,-58.41677733,-34.61223119
2017-0147,1,2017,11,1,MARTES,11.25,GRAL PAZ,"['PAZ, GRAL. AV.', 'PERON, EVA AV.']",1,9,MOTO-AUTO,MOTO,AUTO,-58.5025179,-34.67450313
2017-0148,1,2017,11,2,MIÉRCOLES,10.75,AVENIDA,"['SAN JUAN AV.', 'LA RIOJA']",1,3,PEATON-PASAJEROS,PEATON,PASAJEROS,-58.40708125,-34.62438894
2017-0149,1,2017,11,3,JUEVES,12.333333333333334,AVENIDA,"['PASEO COLON AV.', 'MEXICO']",1,1,PEATON-PASAJEROS,PEATON,PASAJEROS,-58.36947198,-34.61477051
2017-0150,1,2017,12,0,LUNES,1.25,AVENIDA,"['RIVADAVIA AV.', 'MIRALLA']",1,9,PEATON-AUTO,PEATON,AUTO,-58.51140889,-34.63934531
2017-0151,1,2017,12,0,LUNES,2.25,CALLE,"['VIEYTES', 'LUJAN']",1,4,PEATON-PASAJEROS,PEATON,PASAJEROS,-58.37460912,-34.65559133
2017-0152,1,2017,12,2,MIÉRCOLES,17.5,CALLE,"['CACHI', 'TRAFUL']",1,4,BICICLETA-PASAJEROS,BICICLETA,PASAJEROS,-58.41146277,-34.65073916
2017-0153,2,2017,12,0,LUNES,2.0,AVENIDA,"['ROSARIO', 'LA PLATA AV.']",1,6,MOTO-PASAJEROS,MOTO,PASAJEROS,-58.42855267,-34.61829385
2017-0154,1,2017,12,0,LUNES,9.25,AVENIDA,"['ENTRE RIOS AV.', 'CASEROS AV.']",1,4,PEATON-PASAJEROS,PEATON,PASAJEROS,-58.39035581,-34.63412287
2017-0155,1,2017,12,1,MARTES,21.416666666666668,AVENIDA,['RIVADAVIA AV.'],0,7,SD-MOTO,SD,MOTO,-58.45593915,-34.62656868
2017-0157,1,2017,12,6,DOMINGO,9.033333333333333,GRAL PAZ,"['PAZ, GRAL. AV.', 'HUMAITA']",1,9,AUTO-PASAJEROS,AUTO,PASAJEROS,-58.52866211,-34.64597065
2017-0158,1,2017,12,0,LUNES,21.5,GRAL PAZ,"['GUALEGUAYCHU', 'PAZ, GRAL. AV.']",1,11,MOTO-AUTO,MOTO,AUTO,-58.52037476,-34.59407024
2017-0159,1,2017,12,2,MIÉRCOLES,4.516666666666667,AVENIDA,"['INDEPENDENCIA AV.', 'CEVALLOS, VIRREY']",1,1,MOTO-AUTO,MOTO,AUTO,-58.38896772,-34.61799615
2017-0160,1,2017,12,4,VIERNES,13.25,AVENIDA,['NAZCA AV.'],0,7,PEATON-MOTO,PEATON,MOTO,-58.47074114,-34.62771756
2017-0161,1,2017,12,1,MARTES,15.5,AVENIDA,"['PERON, EVA AV.']",0,9,PEATON-AUTO,PEATON,AUTO,-58.48200819,-34.65969965
2018-0001,1,2018,1,0,LUNES,22.833333333333332,AVENIDA,"['SAN JUAN AV.', 'RINCON']",1,3,PEATON-MOTO,PEATON,MOTO,-58.39536773,-34.62297346
2018-0002,1,2018,1,2,MIÉRCOLES,16.666666666666668,CALLE,['PERU'],0,1,BICICLETA-PASAJEROS,BICICLETA,PASAJEROS,-58.37456088,-34.61895467
2018-0003,1,2018,1,4,VIERNES,10.2,AVENIDA,"['PUEYRREDON, HONORIO, DR. AV.', 'GALICIA']",1,15,MULTIPLE,PEATON,MULTIPLE,-58.44860217,-34.60395657
2018-0004,1,2018,1,1,MARTES,9.666666666666666,AVENIDA,"['DEL LIBERTADOR AV.', 'MANZANARES']",1,13,MULTIPLE,MOTO,MULTIPLE,-58.46129513,-34.54332766
2018-0005,1,2018,1,1,MARTES,22.5,AVENIDA,['PASEO COLON AV.'],0,1,PEATON-PASAJEROS,PEATON,PASAJEROS,-58.36907201,-34.61953517
2018-0006,1,2018,1,2,MIÉRCOLES,21.25,CALLE,"['VALLE', 'BARCO CENTENERA DEL']",1,6,BICICLETA-PASAJEROS,BICICLETA,PASAJEROS,-58.44062219,-34.62499107
2018-0007,1,2018,1,3,JUEVES,2.5,AUTOPISTA,['AUTOPISTA PERITO MORENO'],0,9,AUTO-AUTO,AUTO,AUTO,-58.52502765,-34.63601265
2018-0008,1,2018,1,4,VIERNES,17.833333333333332,AVENIDA,"['HUERGO, ING. AV.', 'INDEPENDENCIA AV.']",1,1,MOTO-CARGAS,MOTO,CARGAS,-58.36659655,-34.61687778
2018-0009,1,2018,1,6,DOMINGO,2.0,AVENIDA,"['PILCOMAYO', 'BROWN, ALTE. AV.']",1,4,MOTO-MOTO,MOTO,MOTO,-58.36737389,-34.62763661
2018-0010,1,2018,1,3,JUEVES,5.166666666666667,CALLE,"['CERVANTES', 'BELAUSTEGUI, LUIS, DR.']",1,10,MOTO-CARGAS,MOTO,CARGAS,-58.49807953,-34.63038658
2018-0011,1,2018,1,4,VIERNES,10.5,AVENIDA,"['CALLAO AV.', 'LOPEZ, VICENTE']",1,2,PEATON-PASAJEROS,PEATON,PASAJEROS,-58.39092703,-34.59088447
2018-0012,1,2018,1,4,VIERNES,13.5,CALLE,"['OLIDEN', 'CHILAVERT, MARTINIANO, CORONEL']",1,8,MOTO-PASAJEROS,MOTO,PASAJEROS,-58.46912006,-34.68049201
2018-0013,1,2018,1,6,DOMINGO,8.25,AVENIDA,"['CONGRESO AV.', 'GALVAN']",1,12,MOTO-AUTO,MOTO,AUTO,-58.48661286,-34.56786129
2018-0014,1,2018,1,2,MIÉRCOLES,20.0,AVENIDA,"['MORENO, PERITO AV.', 'RIVERA INDARTE AV.']",1,7,PEATON-MOTO,PEATON,MOTO,-58.44074927,-34.65080597
2018-0015,2,2018,2,1,MARTES,1.0,AVENIDA,['AUSTRALIA AV.'],0,4,MOTO-PASAJEROS,MOTO,PASAJEROS,-58.38636298,-34.64684275
2018-0016,1,2018,2,3,JUEVES,10.25,AVENIDA,"['DEL LIBERTADOR AV.', 'RAMOS MEJIA, JOSE MARIA, DR. AV.']",1,1,MOTO-CARGAS,MOTO,CARGAS,-58.37533517,-34.59276462
2018-0017,1,2018,2,5,SÁBADO,4.25,AVENIDA,"['SAN PEDRITO AV.', 'RIVADAVIA AV.']",1,7,PEATON-AUTO,PEATON,AUTO,-58.46963952,-34.63070603
2018-0018,1,2018,2,5,SÁBADO,7.25,CALLE,"['ISABEL LA CATOLICA', 'SALVADORES, CNEL.']",1,4,MOTO-CARGAS,MOTO,CARGAS,-58.37207554,-34.64543658
2018-0019,1,2018,2,5,SÁBADO,12.5,AVENIDA,"['LAS HERAS GENERAL AV.', 'CALLAO AV.']",1,2,PEATON-PASAJEROS,PEATON,PASAJEROS,-58.39189441,-34.59176378
2018-0020,1,2018,2,0,LUNES,22.0,AUTOPISTA,['AUTOPISTA PRESIDENTE HECTOR J. CAMPORA'],0,8,MOTO-CARGAS,MOTO,CARGAS,-58.45012957,-34.66518343
2018-0021,1,2018,2,3,JUEVES,10.75,AVENIDA,"['ALCORTA, AMANCIO AV.', 'ZAVALETA']",1,4,PEATON-PASAJEROS,PEATON,PASAJEROS,-58.40184094,-34.64546845
2018-0022,1,2018,2,5,SÁBADO,0.0,AVENIDA,"['MONTES DE OCA, MANUEL AV.', 'OLAVARRIA']",1,4,MOTO-CARGAS,MOTO,CARGAS,-58.37441153,-34.63966783
2018-0023,1,2018,2,5,SÁBADO,6.0,CALLE,"['BARCO CENTENERA DEL', 'ROSARIO']",1,6,MOTO-AUTO,MOTO,AUTO,-58.44110156,-34.62082399
2018-0024,1,2018,2,2,MIÉRCOLES,23.0,AVENIDA,"['ALVAREZ THOMAS AV.', 'DONADO']",1,15,PEATON-CARGAS,PEATON,CARGAS,-58.47087351,-34.57827342
2018-0025,1,2018,3,6,DOMINGO,22.5,AVENIDA,"['AVELLANEDA AV.', 'BOYACA AV.']",1,7,PEATON-AUTO,PEATON,AUTO,-58.4596221,-34.6224514
2018-0026,2,2018,3,4,VIERNES,4.75,AVENIDA,"['RABANAL, FRANCISCO, INTENDENTE AV.', 'SAENZ AV.']",1,4,MOVIL-CARGAS,MOVIL,CARGAS,-58.41657793,-34.65476216
2018-0027,1,2018,3,6,DOMINGO,23.0,CALLE,"['CASTRO', 'RONDEAU']",1,5,PEATON-MOTO,PEATON,MOTO,-58.41911301,-34.63722107
2018-0028,1,2018,3,1,MARTES,15.75,AVENIDA,"['BILBAO, FRANCISCO AV.', 'AZUL']",1,9,PEATON-CARGAS,PEATON,CARGAS,-58.47120586,-34.64251042
2018-0029,1,2018,3,3,JUEVES,18.0,AVENIDA,"['NAZCA AV.', 'GAONA AV.']",1,11,MOTO-AUTO,MOTO,AUTO,-58.47418944,-34.62049672
2018-0030,1,2018,3,1,MARTES,1.5,AVENIDA,"['PLAZA', 'ALVAREZ THOMAS AV.']",1,15,MOTO-MOTO,MOTO,MOTO,-58.46720441,-34.57905579
2018-0031,1,2018,3,2,MIÉRCOLES,10.25,AVENIDA,"['GAONA AV.', 'ARTIGAS, JOSE GERVASIO, GRAL.']",1,11,MOTO-CARGAS,MOTO,CARGAS,-58.46909362,-34.6177971
2018-0032,1,2018,4,0,LUNES,13.0,AVENIDA,"['CABILDO AV.', 'AGUILAR']",1,13,PEATON-PASAJEROS,PEATON,PASAJEROS,-58.44704343,-34.5688864
2018-0033,1,2018,4,5,SÁBADO,7.5,AVENIDA,"['CAMARONES', 'LOPE DE VEGA AV.']",1,10,MOTO-CARGAS,MOTO,CARGAS,-58.50535541,-34.62902048
2018-0034,1,2018,4,2,MIÉRCOLES,18.25,AVENIDA,['SANTA FE AV.'],0,2,PEATON-PASAJEROS,PEATON,PASAJEROS,-58.40021675,-34.59522198
2018-0035,1,2018,4,3,JUEVES,16.75,AVENIDA,['RIVADAVIA AV.'],0,7,PEATON-PASAJEROS,PEATON,PASAJEROS,-58.46325991,-34.62919627
2018-0036,1,2018,4,4,VIERNES,23.25,AVENIDA,"['SAN MARTIN AV.', 'ARGERICH']",1,15,MOTO-AUTO,MOTO,AUTO,-58.49471482,-34.59694755
2018-0037,1,2018,4,2,MIÉRCOLES,18.75,AVENIDA,"['CORDOBA AV.', 'URIBURU JOSE E., PRES.']",1,2,PEATON-CARGAS,PEATON,CARGAS,-58.3987261,-34.59975962
2018-0038,2,2018,4,4,VIERNES,17.166666666666668,AVENIDA,['RIVADAVIA AV.'],0,1,PEATON-AUTO,PEATON,AUTO,-58.38872177,-34.60885045
2018-0039,1,2018,4,5,SÁBADO,22.25,AUTOPISTA,"['LUGONES, LEOPOLDO AV.']",0,14,PEATON-AUTO,PEATON,AUTO,-58.42525456,-34.57866344
2018-0040,1,2018,4,4,VIERNES,11.0,CALLE,"['FREIRE, RAMON, CAP. GRAL.', 'OLAGUER Y FELIU, VIRREY']",1,13,PEATON-CARGAS,PEATON,CARGAS,-58.45686132,-34.57305993
2018-0041,1,2018,4,4,VIERNES,13.5,AVENIDA,"['LA PLATA AV.', 'FERNANDEZ DE LA CRUZ, F., GRAL. AV.']",1,4,PEATON-PASAJEROS,PEATON,PASAJEROS,-58.42281627,-34.64282424
2018-0042,1,2018,4,4,VIERNES,18.716666666666665,CALLE,"['BRANDSEN', 'PERDRIEL']",1,4,MOTO-CARGAS,MOTO,CARGAS,-58.38666024,-34.63953396
2018-0043,1,2018,4,5,SÁBADO,6.5,AVENIDA,"['VILARDEBO, TEODORO', 'ALVAREZ JONTE AV.']",1,11,MOTO-AUTO,MOTO,AUTO,-58.49122843,-34.61207587
2018-0044,1,2018,4,5,SÁBADO,9.0,AVENIDA,"['ALBERTI', 'INDEPENDENCIA AV.']",1,3,PEATON-AUTO,PEATON,AUTO,-58.40098306,-34.61866627
2018-0045,1,2018,4,0,LUNES,7.0,AVENIDA,['ALVAREZ THOMAS AV.'],0,13,AUTO-CARGAS,AUTO,CARGAS,-58.45448963,-34.5791692
2018-0046,1,2018,5,2,MIÉRCOLES,3.25,GRAL PAZ,"['PAZ, GRAL. AV.', 'RIVADAVIA AV.']",1,9,PEATON-AUTO,PEATON,AUTO,-58.52927982,-34.63931752
2018-0047,1,2018,5,1,MARTES,19.0,AVENIDA,"['CORRIENTES AV.', 'DORREGO AV.']",1,15,PEATON-PASAJEROS,PEATON,PASAJEROS,-58.44759966,-34.5917024
2018-0048,1,2018,5,2,MIÉRCOLES,10.5,AVENIDA,"['RIVADAVIA AV.', 'PEDERNERA']",1,7,PEATON-PASAJEROS,PEATON,PASAJEROS,-58.46411215,-34.62925068
2018-0049,1,2018,5,4,VIERNES,19.25,CALLE,['QUESADA'],0,13,PEATON-AUTO,PEATON,AUTO,-58.4621322,-34.55395823
2018-0050,1,2018,5,0,LUNES,18.75,AVENIDA,"['CABILDO AV.', 'JURAMENTO AV.']",1,13,PEATON-PASAJEROS,PEATON,PASAJEROS,-58.45669422,-34.5620361
2018-0051,1,2018,5,1,MARTES,21.25,CALLE,"['CALIFORNIA', 'CARBONARI, FRANCISCO, CMTE.']",1,4,PEATON-AUTO,PEATON,AUTO,-58.3597716,-34.64341878
2018-0052,1,2018,5,4,VIERNES,20.5,AVENIDA,"['CARRIL, SALVADOR MARIA DEL AV.', 'NAZCA']",1,15,PEATON-PASAJEROS,PEATON,PASAJEROS,-58.49820145,-34.59070093
2018-0053,1,2018,5,6,DOMINGO,2.5,CALLE,"['SAN LUIS', 'AGUERO']",1,3,MOTO-AUTO,MOTO,AUTO,-58.4105928,-34.5993918
2018-0054,1,2018,5,1,MARTES,11.25,CALLE,['LUGONES'],0,12,PEATON-BICICLETA,PEATON,BICICLETA,-58.47969138,-34.57121563
2018-0055,1,2018,5,1,MARTES,7.5,AVENIDA,"['INDEPENDENCIA AV.', 'JUJUY AV.']",1,3,MOTO-AUTO,MOTO,AUTO,-58.40351561,-34.61883916
2018-0056,1,2018,6,5,SÁBADO,13.0,AVENIDA,['RIVADAVIA AV.'],0,9,PEATON-PASAJEROS,PEATON,PASAJEROS,-58.51973844,-34.63918987
2018-0057,1,2018,6,6,DOMINGO,3.5,CALLE,"['COMBATE DE LOS POZOS', 'HUMBERTO 1?']",1,3,MOTO-PASAJEROS,MOTO,PASAJEROS,-58.39311376,-34.62163006
2018-0058,1,2018,6,6,DOMINGO,6.5,AVENIDA,"['CORDOBA AV.', 'THAMES']",1,15,MOTO-AUTO,MOTO,AUTO,-58.43531242,-34.59082159
2018-0059,1,2018,6,4,VIERNES,6.333333333333333,AVENIDA,"['GARAY, JUAN DE AV.', 'SANCHEZ DE LORIA']",1,5,MOTO-MOVIL,MOTO,OTRO,-58.41178165,-34.63035454
2018-0060,1,2018,6,4,VIERNES,12.833333333333334,AVENIDA,"['LAVALLE', 'ALEM, LEANDRO N. AV.']",1,1,PEATON-PASAJEROS,PEATON,PASAJEROS,-58.370488,-34.60189492
2018-0061,1,2018,6,6,DOMINGO,11.25,CALLE,"['ESTADOS UNIDOS', 'PICHINCHA']",1,3,MOTO-MOTO,MOTO,MOTO,-58.39883882,-34.61964833
2018-0062,1,2018,6,3,JUEVES,1.0,CALLE,"['ROSARIO', 'BARCO CENTENERA DEL']",1,6,PEATON-CARGAS,PEATON,CARGAS,-58.44110156,-34.62082399
2018-0063,1,2018,6,5,SÁBADO,21.25,AVENIDA,"['ALEM, LEANDRO N. AV.', 'VIAMONTE']",1,1,PEATON-PASAJEROS,PEATON,PASAJEROS,-58.37093138,-34.59952725
2018-0064,1,2018,6,0,LUNES,1.25,AVENIDA,"['VARELA AV.', 'PRIMERA JUNTA']",1,7,AUTO-CARGAS,AUTO,CARGAS,-58.45855262,-34.63953253
2018-0065,1,2018,6,1,MARTES,17.5,CALLE,"['PELLEGRINI, CARLOS', 'JUNCAL']",1,1,MOTO-CARGAS,MOTO,CARGAS,-58.38161909,-34.59283447
2018-0066,1,2018,6,3,JUEVES,11.0,AVENIDA,"['CORRIENTES AV.', 'LACROZE, FEDERICO AV.']",1,15,PEATON-PASAJEROS,PEATON,PASAJEROS,-58.45511899,-34.58698157
2018-0067,1,2018,6,4,VIERNES,16.25,AVENIDA,"['MONTES DE OCA, MANUEL AV.', 'FINOCHIETTO ENRIQUE DR.']",1,4,PASAJEROS-AUTO,PASAJEROS,AUTO,-58.37724226,-34.62973033
2018-0068,1,2018,7,6,DOMINGO,9.0,AVENIDA,"['CARABOBO AV.', 'ALBERDI, JUAN BAUTISTA AV.']",1,7,MOTO-AUTO,MOTO,AUTO,-58.45546217,-34.62930339
2018-0069,1,2018,7,2,MIÉRCOLES,21.75,AVENIDA,['CORDOBA AV.'],0,2,BICICLETA-PASAJEROS,BICICLETA,PASAJEROS,-58.39897064,-34.59954925
2018-0070,1,2018,7,5,SÁBADO,15.75,CALLE,"['ESTADOS UNIDOS', 'URQUIZA, GRAL.']",1,3,MOTO-PASAJEROS,MOTO,PASAJEROS,-58.40917826,-34.62126274
2018-0071,1,2018,7,1,MARTES,17.833333333333332,AVENIDA,"['MORENO', 'HUERGO, ING. AV.']",1,1,MOTO-CARGAS,MOTO,CARGAS,-58.36726348,-34.61099738
2018-0072,1,2018,7,2,MIÉRCOLES,13.25,AUTOPISTA,['AUTOPISTA DELLEPIANE LUIS TTE. GRAL.'],0,8,MOTO-CARGAS,MOTO,CARGAS,-58.48267426,-34.68454456
2018-0073,1,2018,7,2,MIÉRCOLES,15.75,AVENIDA,"['IRIARTE, GRAL. AV.']",0,4,PEATON-CARGAS,PEATON,CARGAS,-58.39546165,-34.65168841
2018-0074,1,2018,7,5,SÁBADO,6.066666666666666,AVENIDA,"['ALBERDI, JUAN BAUTISTA AV.']",0,7,AUTO-CARGAS,AUTO,CARGAS,-58.46941984,-34.63376545
2018-0075,1,2018,7,6,DOMINGO,7.5,AVENIDA,"['DEL LIBERTADOR AV.', 'ORTIZ DE OCAMPO']",1,14,PEATON-AUTO,PEATON,AUTO,-58.40367321,-34.58129246
2018-0076,1,2018,7,0,LUNES,9.5,CALLE,"['CHAVEZ, JORGE', 'PAZ, GRAL. AV.']",1,9,AUTO-CARGAS,AUTO,CARGAS,-58.52932872,-34.65014993
2018-0077,1,2018,7,0,LUNES,23.25,CALLE,"['URQUIZA, GRAL.', 'ESTADOS UNIDOS']",1,3,AUTO-CARGAS,AUTO,CARGAS,-58.40917826,-34.62126274
2018-0078,1,2018,7,5,SÁBADO,6.25,CALLE,"['PARAGUAY', 'SANCHEZ DE BUSTAMANTE']",1,2,PEATON-AUTO,PEATON,AUTO,-58.41264127,-34.59473294
2018-0079,1,2018,7,0,LUNES,7.25,GRAL PAZ,"['DE LOS CORRALES AV.', 'PAZ, GRAL. AV.']",1,9,PEATON-CARGAS,PEATON,CARGAS,-58.50877521,-34.66977709
2018-0080,1,2018,7,2,MIÉRCOLES,22.366666666666667,AVENIDA,"['ALBERDI, JUAN BAUTISTA AV.', 'CARHUE']",1,9,PEATON-AUTO,PEATON,AUTO,-58.51232237,-34.6590353
2018-0081,1,2018,7,6,DOMINGO,6.5,AVENIDA,"['CASTANARES AV.', 'RIVERA INDARTE AV.']",1,7,MULTIPLE,PEATON,MULTIPLE,-58.44744156,-34.64567171
2018-0082,1,2018,8,2,MIÉRCOLES,15.883333333333333,AVENIDA,"['LARRAZABAL', 'GARZON, EUGENIO, GRAL. AV.']",1,9,MOTO-CARGAS,MOTO,CARGAS,-58.49441273,-34.65869968
2018-0083,1,2018,8,3,JUEVES,5.333333333333333,GRAL PAZ,"['PAZ, GRAL. AV.', 'FERNANDEZ DE LA CRUZ, F., GRAL. AV.']",1,8,MOTO-CARGAS,MOTO,CARGAS,-58.47976785,-34.69153196
2018-0084,1,2018,8,4,VIERNES,7.416666666666667,AVENIDA,"['MOREAU DE JUSTO, ALICIA AV.', 'COCHABAMBA']",1,1,PEATON-CARGAS,PEATON,CARGAS,-58.36523349,-34.62260331
2018-0085,2,2018,8,4,VIERNES,18.266666666666666,AVENIDA,"['ENTRE RIOS AV.', 'GARAY, JUAN DE AV.']",1,3,MOTO-PASAJEROS,MOTO,PASAJEROS,-58.39118948,-34.62704273
2018-0086,1,2018,8,4,VIERNES,21.733333333333334,AVENIDA,"['DIRECTORIO AV.', 'GUARDIA NACIONAL']",1,9,PEATON-PASAJEROS,PEATON,PASAJEROS,-58.49019551,-34.65015854
2018-0087,1,2018,8,2,MIÉRCOLES,19.333333333333332,AVENIDA,"['PAVON AV.', 'COLOMBRES']",1,5,PEATON-PASAJEROS,PEATON,PASAJEROS,-58.41644362,-34.63023775
2018-0088,1,2018,8,4,VIERNES,16.6,GRAL PAZ,"['PAZ, GRAL. AV.', 'BALBIN, RICARDO, DR. AV.']",1,12,MOTO-CARGAS,MOTO,CARGAS,-58.5007381,-34.5497951
2018-0089,1,2018,8,4,VIERNES,17.933333333333334,AVENIDA,"['PICHINCHA AV.', 'BRASIL']",1,4,PEATON-PASAJEROS,PEATON,PASAJEROS,-58.39626094,-34.63036565
2018-0090,1,2018,8,5,SÁBADO,10.566666666666666,AVENIDA,"['27 DE FEBRERO AV.', 'PERGAMINO']",1,8,MOTO-AUTO,MOTO,AUTO,-58.43284809,-34.67051543
2018-0091,1,2018,8,6,DOMINGO,18.783333333333335,AUTOPISTA,"['AUTOPISTA PERITO MORENO', 'BARRAGAN']",1,9,AUTO-AUTO,AUTO,AUTO,-58.52280139,-34.63659934
2018-0092,1,2018,8,0,LUNES,8.333333333333334,AVENIDA,"['CORDOBA AV.', 'GASCON']",1,14,MOTO-AUTO,MOTO,AUTO,-58.4233693,-34.59774487
2018-0093,1,2018,8,0,LUNES,8.683333333333334,CALLE,['15 DE NOVIEMBRE DE 1889'],0,1,PEATON-PASAJEROS,PEATON,PASAJEROS,-58.38691681,-34.63105973
2018-0094,1,2018,8,3,JUEVES,5.583333333333333,CALLE,"['SALGUERO, JERONIMO', 'BERUTI']",1,14,MOTO-PASAJEROS,MOTO,PASAJEROS,-58.4116902,-34.5857988
2018-0095,1,2018,8,6,DOMINGO,0.9833333333333333,AVENIDA,"['LACARRA AV.', 'DELLEPIANE, LUIS, TTE. GRAL.']",1,9,AUTO-AUTO,AUTO,AUTO,-58.46739825,-34.65117757
2018-0096,1,2018,8,4,VIERNES,22.333333333333332,AUTOPISTA,"['AUTOPISTA PRESIDENTE H?CTOR J. C?MPORA', 'ROCA, CNEL. AV.']",1,8,PEATON-AUTO,PEATON,AUTO,-58.44483258,-34.67152226
2018-0097,1,2018,9,6,DOMINGO,10.833333333333334,AVENIDA,"['VARELA AV.', 'RABANAL, FRANCISCO, INTENDENTE AV.']",1,8,AUTO-MOVIL,AUTO,OTRO,-58.43254025,-34.66128115
2018-0098,2,2018,9,6,DOMINGO,5.0,GRAL PAZ,"['PAZ, GRAL. AV.', 'BERON DE ASTRADA']",1,8,AUTO-AUTO,AUTO,AUTO,-58.47199387,-34.69640164
2018-0099,1,2018,9,2,MIÉRCOLES,14.416666666666666,AVENIDA,"['RIVADAVIA AV.', 'PEDERNERA']",1,7,PEATON-PASAJEROS,PEATON,PASAJEROS,-58.46411215,-34.62925068
2018-0100,1,2018,9,3,JUEVES,10.5,AVENIDA,"['RAWSON DE DELLEPIANE, ELVIRA AV.']",0,1,MOTO-AUTO,MOTO,AUTO,-58.36217754,-34.62367156
2018-0101,1,2018,9,4,VIERNES,0.25,GRAL PAZ,"['PAZ, GRAL. AV.', 'ZAPIOLA']",1,12,MULTIPLE,AUTO,MULTIPLE,-58.48098594,-34.5407313
2018-0102,1,2018,9,4,VIERNES,0.5,CALLE,"['FAMATINA', 'TABORDA, DIOGENES']",1,4,MOTO-AUTO,MOTO,AUTO,-58.41083404,-34.64640709
2018-0103,1,2018,9,3,JUEVES,17.85,AVENIDA,"['CASTA?ARES AV.', 'BONORINO, ESTEBAN, CNEL. AV.']",1,7,PEATON-MOTO,PEATON,MOTO,-58.44609828,-34.64446729
2018-0104,1,2018,10,0,LUNES,8.966666666666667,AUTOPISTA,"['AUTOPISTA 1 SUR PRESIDENTE ARTURO FRONDIZI', 'SUAREZ AV.']",1,4,MOTO-MOTO,MOTO,MOTO,-58.37709334,-34.64035082
2018-0105,1,2018,10,2,MIÉRCOLES,18.2,AVENIDA,"['NAZCA AV.', 'RIVADAVIA AV.']",1,7,PEATON-PASAJEROS,PEATON,PASAJEROS,-58.46963952,-34.63070603
2018-0106,1,2018,10,3,JUEVES,22.033333333333335,AVENIDA,"['FIGUEROA ALCORTA, PRES. AV.', 'ECHEVERRIA']",1,13,MOTO-MOTO,MOTO,MOTO,-58.43674281,-34.55161027
2018-0107,1,2018,10,5,SÁBADO,14.333333333333334,AVENIDA,"['RIVADAVIA AV.', 'JUJUY AV.']",1,3,PEATON-PASAJEROS,PEATON,PASAJEROS,-58.4059686,-34.61011987
2018-0108,1,2018,10,1,MARTES,14.0,AVENIDA,"['DE LOS ITALIANOS AV.', 'GUEMES, MACACHA']",1,1,MOTO-AUTO,MOTO,AUTO,-58.36154069,-34.60463618
2018-0109,1,2018,10,2,MIÉRCOLES,22.2,AVENIDA,"['TUCUMAN', 'ALEM, LEANDRO N. AV.']",1,1,PEATON-PASAJEROS,PEATON,PASAJEROS,-58.37062179,-34.60066507
2018-0110,1,2018,10,5,SÁBADO,3.0833333333333335,AVENIDA,"['CORRIENTES AV.', 'GALLARDO, ANGEL AV.']",1,15,PEATON-MOTO,PEATON,MOTO,-58.43220014,-34.60207186
2018-0111,1,2018,10,4,VIERNES,12.216666666666667,AUTOPISTA,['AUTOPISTA PERITO MORENO'],0,9,MOTO-CARGAS,MOTO,CARGAS,-58.46958442,-34.64949724
2018-0112,1,2018,10,2,MIÉRCOLES,9.3,CALLE,"['MU?ECAS', 'SERRANO']",1,15,MOTO-CARGAS,MOTO,CARGAS,-58.44671397,-34.59970903
2018-0113,1,2018,10,3,JUEVES,11.0,CALLE,"['ARTIGAS, JOSE GERVASIO, GRAL.', 'TRES ARROYOS']",1,11,MOTO-CARGAS,MOTO,CARGAS,-58.47152163,-34.61474911
2018-0114,1,2018,10,1,MARTES,2.25,AVENIDA,"['SOLIS', 'INDEPENDENCIA AV.']",1,1,MOTO-AUTO,MOTO,AUTO,-58.39032921,-34.61807951
2018-0115,1,2018,10,2,MIÉRCOLES,12.5,CALLE,"['BOSCH, VENTURA', 'PAZ, GRAL. AV.']",1,9,PEATON-PASAJEROS,PEATON,PASAJEROS,-58.52887773,-34.64297861
2018-0116,1,2018,11,3,JUEVES,10.833333333333334,GRAL PAZ,"['PAZ, GRAL. AV.']",0,8,PEATON-CARGAS,PEATON,CARGAS,-58.49371157,-34.67981324
2018-0117,1,2018,11,6,DOMINGO,8.25,AVENIDA,"['PERON, EVA AV.']",0,9,MOTO-MOTO,MOTO,MOTO,-58.48266599,-34.66012327
2018-0118,1,2018,11,0,LUNES,14.816666666666666,AVENIDA,"['PERON, JUAN DOMINGO, TTE. GENERAL', 'PUEYRREDON AV.']",1,3,PEATON-MOTO,PEATON,MOTO,-58.40612253,-34.60774301
2018-0119,1,2018,11,0,LUNES,22.583333333333332,AVENIDA,"['RABANAL, FRANCISCO, INTENDENTE AV.', 'SAN PEDRITO']",1,8,PEATON-SD,PEATON,SD,-58.43613623,-34.66292532
2018-0120,1,2018,11,4,VIERNES,13.566666666666666,AVENIDA,"['MONROE', 'ALVAREZ THOMAS AV.']",1,12,PEATON-AUTO,PEATON,AUTO,-58.48250732,-34.57208238
2018-0121,1,2018,11,4,VIERNES,16.533333333333335,AVENIDA,"['RIVADAVIA AV.', 'MANZONI']",1,10,PEATON-PASAJEROS,PEATON,PASAJEROS,-58.49945705,-34.6374328
2018-0122,1,2018,11,0,LUNES,1.0,AUTOPISTA,"['AUTOPISTA DELLEPIANE LUIS TTE. GRAL.', 'LARRAZABAL']",1,8,AUTO-AUTO,AUTO,AUTO,-58.47743966,-34.67233407
2018-0123,1,2018,11,0,LUNES,3.533333333333333,GRAL PAZ,"['PAZ, GRAL. AV.', 'PERON, EVA AV.']",1,9,AUTO-SD,AUTO,SD,-58.5025179,-34.67450313
2018-0124,1,2018,11,3,JUEVES,19.666666666666668,AUTOPISTA,['AUTOPISTA PERITO MORENO'],0,9,CARGAS-CARGAS,CARGAS,CARGAS,-58.52144411,-34.63682499
2018-0125,1,2018,11,4,VIERNES,21.2,AVENIDA,"['SAENZ AV.', 'VENTANA']",1,4,PEATON-PASAJEROS,PEATON,PASAJEROS,-58.41650465,-34.65084045
2018-0126,1,2018,11,6,DOMINGO,12.183333333333334,GRAL PAZ,"['PAZ, GRAL. AV.', 'FALCON, RAMON L.,CNEL.']",1,9,MOTO-AUTO,MOTO,AUTO,-58.52994219,-34.64055918
2018-0127,1,2018,11,0,LUNES,9.233333333333333,GRAL PAZ,"['PAZ, GRAL. AV.', 'DE LOS CONSTITUYENTES AV.']",1,12,MOTO-MOTO,MOTO,MOTO,-58.50993046,-34.56919739
2018-0128,2,2018,11,6,DOMINGO,4.5,GRAL PAZ,"['PAZ, GRAL. AV.']",0,9,AUTO-PASAJEROS,AUTO,PASAJEROS,-58.52844623,-34.64592873
2018-0129,1,2018,11,2,MIÉRCOLES,4.016666666666667,AVENIDA,"['NEWBERY, JORGE AV.', 'GUEVARA']",1,15,MOTO-PASAJEROS,MOTO,PASAJEROS,-58.45021367,-34.58695347
2018-0130,1,2018,12,0,LUNES,3.0,AVENIDA,"['GAONA AV.', 'SEGUROLA AV.']",1,10,MOTO-PASAJEROS,MOTO,PASAJEROS,-58.49022072,-34.62770192
2018-0131,1,2018,12,4,VIERNES,19.166666666666668,AVENIDA,"['MADERO, EDUARDO AV.']",0,1,MOTO-CARGAS,MOTO,CARGAS,-58.36860866,-34.60106568
2018-0132,1,2018,12,2,MIÉRCOLES,8.433333333333334,AUTOPISTA,"['AUTOPISTA ARTURO ILLIA', 'CASTILLO, RAMON S., PRES. AV.']",1,2,PEATON-CARGAS,PEATON,CARGAS,-58.39490504,-34.57241534
2018-0133,1,2018,12,2,MIÉRCOLES,14.116666666666667,AVENIDA,"['NAZCA AV.', 'RIVADAVIA AV.']",1,7,PEATON-CARGAS,PEATON,CARGAS,-58.46963952,-34.63070603
2018-0134,1,2018,12,2,MIÉRCOLES,21.0,AVENIDA,"['LA PLATA AV.', 'CASEROS AV.']",1,7,PEATON-MOTO,PEATON,MOTO,-58.42349365,-34.64019887
2018-0135,1,2018,12,1,MARTES,14.666666666666666,AVENIDA,"['BELGRANO AV.', 'PERU']",1,1,PEATON-PASAJEROS,PEATON,PASAJEROS,-58.37471802,-34.61265002
2018-0136,1,2018,12,1,MARTES,15.7,AVENIDA,['RIVADAVIA AV.'],0,7,PEATON-PASAJEROS,PEATON,PASAJEROS,-58.46438789,-34.62913916
2018-0137,1,2018,12,1,MARTES,20.25,CALLE,"['ALSINA, ADOLFO', 'SANTIAGO DEL ESTERO']",1,1,MOTO-PASAJEROS,MOTO,PASAJEROS,-58.38481975,-34.61100424
2018-0138,1,2018,12,4,VIERNES,9.5,CALLE,['BERMUDEZ'],0,10,PASAJEROS-PASAJEROS,PASAJEROS,PASAJEROS,-58.50751833,-34.62073702
2018-0139,1,2018,12,5,SÁBADO,6.5,CALLE,['SANTANDER'],0,7,MOTO-MOTO,MOTO,MOTO,-58.44682986,-34.63888084
2018-0140,1,2018,12,5,SÁBADO,8.083333333333334,CALLE,['LANTERI JULIETA'],0,1,AUTO-AUTO,AUTO,AUTO,-58.3600465,-34.61381341
2018-0141,1,2018,12,5,SÁBADO,17.666666666666668,AVENIDA,"['MAZA', 'INDEPENDENCIA AV.']",1,5,PEATON-MOTO,PEATON,MOTO,-58.41509546,-34.62085945
2018-0142,1,2018,12,1,MARTES,13.5,GRAL PAZ,"['PAZ, GRAL. AV.']",0,12,CARGAS-PASAJEROS,CARGAS,PASAJEROS,-58.50997604,-34.57251072
2018-0143,1,2018,12,5,SÁBADO,5.416666666666667,AVENIDA,"['OLIVERA AV.', 'ALBERDI, JUAN BAUTISTA AV.']",1,10,MOTO-AUTO,MOTO,AUTO,-58.48606475,-34.64047818
2019-0001,1,2019,1,1,MARTES,8.5,AVENIDA,"['CASTILLO, RAMON S., PRES. AV.', 'CALLE 12 (NO OFICIAL)']",1,2,MOTO-CARGAS,MOTO,CARGAS,-58.38526125,-34.5780581
2019-0002,1,2019,1,2,MIÉRCOLES,4.0,AVENIDA,"['CASTA?ARES AV.', 'MORENO, PERITO AV.']",1,7,AUTO-CARGAS,AUTO,CARGAS,-58.45463662,-34.65082149
2019-0003,1,2019,1,5,SÁBADO,8.0,AVENIDA,"['SAN MARTIN AV.', 'TERRADA']",1,15,MOTO-AUTO,MOTO,AUTO,-58.49121672,-34.59718073
2019-0004,1,2019,1,0,LUNES,19.966666666666665,AVENIDA,"['PERON, EVA AV.', 'MEDINA']",1,9,AUTO-PASAJEROS,AUTO,PASAJEROS,-58.47325712,-34.65284605
2019-0005,1,2019,1,5,SÁBADO,12.0,AVENIDA,"['JUSTO, JUAN B. AV.', 'ALVAREZ JONTE AV.']",1,10,MOTO-CARGAS,MOTO,CARGAS,-58.52108101,-34.63382309
2019-0006,1,2019,1,2,MIÉRCOLES,5.75,AVENIDA,"['OBLIGADO RAFAEL, AV.COSTANERA']",0,14,PEATON-AUTO,PEATON,AUTO,-58.41652702,-34.55509606
2019-0007,1,2019,1,5,SÁBADO,19.566666666666666,CALLE,"['MITRE, BARTOLOME', 'YATAY']",1,5,MOTO-AUTO,MOTO,AUTO,-58.42891604,-34.6107166
2019-0008,1,2019,1,2,MIÉRCOLES,22.75,GRAL PAZ,"['PAZ, GRAL. AV.']",0,8,MULTIPLE,MOTO,MULTIPLE,-58.47802293,-34.69156793
2019-0009,1,2019,1,3,JUEVES,14.916666666666666,AVENIDA,"['CHACABUCO', 'SAN JUAN AV.']",1,1,MOTO-AUTO,MOTO,AUTO,-58.37564821,-34.62200207
2019-0010,2,2019,2,5,SÁBADO,7.833333333333333,AVENIDA,['DEL LIBERTADOR AV.'],0,14,PEATON-AUTO,PEATON,AUTO,-58.42668489,-34.56961468
2019-0011,1,2019,2,6,DOMINGO,1.0,GRAL PAZ,"['PAZ, GRAL. AV.', 'ALBERDI, JUAN BAUTISTA AV.']",1,9,PEATON-AUTO,PEATON,AUTO,-58.5183993,-34.66252488
2019-0012,1,2019,2,6,DOMINGO,3.2666666666666666,AVENIDA,"['CASTA?ARES AV.', 'GORDILLO, TIMOTEO']",1,8,MOTO-AUTO,MOTO,AUTO,-58.48432691,-34.67665828
2019-0013,1,2019,2,2,MIÉRCOLES,7.5,CALLE,"['SALVIGNY', 'MOM']",1,7,PEATON-AUTO,PEATON,AUTO,-58.4338383,-34.64457699
2019-0014,1,2019,2,2,MIÉRCOLES,17.5,CALLE,"['LAMARCA, EMILIO']",0,11,MOTO-OBJETO FIJO,MOTO,OBJETO FIJO,-58.51664939,-34.58657938
2019-0015,1,2019,2,5,SÁBADO,6.95,AVENIDA,['SAN MARTIN AV.'],0,11,AUTO-OBJETO FIJO,AUTO,OBJETO FIJO,-58.49613012,-34.59703502
2019-0016,1,2019,2,6,DOMINGO,2.0,CALLE,"['CARRILLO, RAMON, DR.', 'FINOCHIETTO ENRIQUE DR.']",1,4,MOTO-PASAJEROS,MOTO,PASAJEROS,-58.38313603,-34.63356284
2019-0017,1,2019,3,6,DOMINGO,7.0,CALLE,"['MEXICO', 'PICHINCHA']",1,3,AUTO-PASAJEROS,AUTO,PASAJEROS,-58.39914719,-34.61632317
2019-0018,1,2019,3,6,DOMINGO,23.5,AUTOPISTA,"['CANTILO, INT.', 'UDAONDO, GUILLERMO AV.']",1,13,PEATON-AUTO,PEATON,AUTO,-58.44927253,-34.54048625
2019-0019,1,2019,3,2,MIÉRCOLES,12.0,AVENIDA,['DEL LIBERTADOR AV.'],0,13,MOTO-AUTO,MOTO,AUTO,-58.45049163,-34.55374003
2019-0020,1,2019,3,3,JUEVES,21.016666666666666,AVENIDA,['CHICLANA AV.'],0,5,MOTO-AUTO,MOTO,AUTO,-58.41288952,-34.63572989
2019-0021,1,2019,3,4,VIERNES,22.833333333333332,AVENIDA,"['BOYACA AV.', 'YERBAL']",1,7,MOTO-AUTO,MOTO,AUTO,-58.45743597,-34.62561234
2019-0022,1,2019,3,4,VIERNES,0.0,AVENIDA,['ENTRE RIOS AV.'],0,1,AUTO-SD,AUTO,SD,-58.39123782,-34.62352245
2019-0023,1,2019,3,5,SÁBADO,8.466666666666667,GRAL PAZ,"['PAZ, GRAL. AV.', 'JACQUES, AMADEO']",1,9,AUTO-OBJETO FIJO,AUTO,OBJETO FIJO,-58.52922765,-34.63637963
2019-0024,1,2019,3,1,MARTES,7.2,AVENIDA,['ANTARTIDA ARGENTINA AV.'],0,1,MOTO-CARGAS,MOTO,CARGAS,-58.37208118,-34.58541957
2019-0025,1,2019,3,4,VIERNES,13.166666666666666,CALLE,"['MITRE, BARTOLOME', 'SANCHEZ DE BUSTAMANTE']",1,5,PEATON-AUTO,PEATON,AUTO,-58.41458534,-34.60937557
2019-0026,1,2019,3,3,JUEVES,7.533333333333333,AVENIDA,"['FERNANDEZ DE LA CRUZ, F., GRAL. AV.', 'PAZ, GRAL. AV.']",1,8,PEATON-PASAJEROS,PEATON,PASAJEROS,-58.47976785,-34.69153196
2019-0027,1,2019,3,3,JUEVES,11.183333333333334,AVENIDA,"['SANTA FE AV.', 'AZCUENAGA']",1,2,MULTIPLE,BICICLETA,MULTIPLE,-58.39990285,-34.59511714
2019-0028,1,2019,4,5,SÁBADO,9.25,AVENIDA,"['JUSTO, JUAN B. AV.', 'ORO?O, NICASIO']",1,11,PEATON-PASAJEROS,PEATON,PASAJEROS,-58.46051346,-34.60588536
2019-0029,1,2019,4,6,DOMINGO,10.25,AVENIDA,"['FERNANDEZ DE LA CRUZ, F., GRAL. AV.', 'PAZ, GRAL. AV.']",1,8,MOTO-OBJETO FIJO,MOTO,OBJETO FIJO,-58.47976785,-34.69153196
2019-0030,1,2019,4,1,MARTES,16.0,CALLE,"['ALVAREZ, DONATO, TTE. GRAL.', 'YERBAL']",1,7,MOTO-CARGAS,MOTO,CARGAS,-58.45457546,-34.62447891
2019-0031,1,2019,4,4,VIERNES,19.916666666666668,AVENIDA,"['CORDOBA AV.', 'MADERO, EDUARDO AV.']",1,1,BICICLETA-CARGAS,BICICLETA,CARGAS,-58.36951669,-34.59832047
2019-0032,1,2019,4,1,MARTES,11.0,AVENIDA,"['CAMARONES', 'ALVAREZ, DONATO, TTE. GRAL. AV.']",1,11,PEATON-AUTO,PEATON,AUTO,-58.46415322,-34.6044379
2019-0033,1,2019,4,3,JUEVES,1.0,AUTOPISTA,"['AUTOPISTA 25 DE MAYO', 'HUERGO, ING. AV.']",1,1,MOTO-SD,MOTO,SD,-58.36607137,-34.62150748
2019-0034,1,2019,4,6,DOMINGO,9.133333333333333,AVENIDA,"['MORENO, PERITO AV.']",0,7,MOTO-OBJETO FIJO,MOTO,OBJETO FIJO,-58.45537373,-34.65093074
2019-0035,1,2019,4,1,MARTES,14.166666666666666,CALLE,['SUIPACHA'],0,1,PEATON-BICICLETA,PEATON,BICICLETA,-58.37942637,-34.60053054
2019-0036,1,2019,4,4,VIERNES,22.766666666666666,CALLE,"['RIGLOS', 'FORMOSA']",1,6,MOTO-AUTO,MOTO,AUTO,-58.4368044,-34.62147504
2019-0037,1,2019,5,2,MIÉRCOLES,23.166666666666668,AVENIDA,"['LA RIOJA', 'INDEPENDENCIA AV.']",1,3,MOTO-AUTO,MOTO,AUTO,-58.40778291,-34.61971907
2019-0038,1,2019,5,5,SÁBADO,14.166666666666666,AVENIDA,"['UDAONDO, GUILLERMO AV.', 'FIGUEROA ALCORTA, PRES. AV.']",1,13,PEATON-MOTO,PEATON,MOTO,-58.45212523,-34.54628513
2019-0039,1,2019,5,3,JUEVES,3.0833333333333335,AVENIDA,"['SAN PEDRITO AV.', 'DIRECTORIO AV.']",1,7,MOTO-AUTO,MOTO,AUTO,-58.46749188,-34.63551751
2019-0040,1,2019,5,3,JUEVES,12.75,CALLE,"['PUAN', 'SANTANDER']",1,7,MOTO-SD,MOTO,SD,-58.4426358,-34.63679732
2019-0041,1,2019,5,5,SÁBADO,20.5,AVENIDA,"['ALBERDI, JUAN BAUTISTA AV.', 'ANDALGALA']",1,9,MULTIPLE,AUTO,MULTIPLE,-58.51140289,-34.65846419
2019-0042,1,2019,5,1,MARTES,15.0,CALLE,"['LIMA', 'CONSTITUCION']",1,1,PEATON-PASAJEROS,PEATON,PASAJEROS,-58.38211431,-34.62465368
2019-0043,1,2019,5,1,MARTES,9.0,AVENIDA,"['CORDOBA AV.', 'MADERO, EDUARDO AV.']",1,1,BICICLETA-CARGAS,BICICLETA,CARGAS,-58.36951669,-34.59832047
2019-0044,1,2019,5,0,LUNES,12.75,AVENIDA,['BOEDO AV.'],0,5,PEATON-MOTO,PEATON,MOTO,-58.41635217,-34.62036547
2019-0045,1,2019,6,0,LUNES,7.45,AVENIDA,"['DEL LIBERTADOR AV.', 'REPUBLICA DE LA INDIA']",1,14,MOTO-CARGAS,MOTO,CARGAS,-58.41316147,-34.57579669
2019-0046,1,2019,6,1,MARTES,9.0,GRAL PAZ,"['PAZ, GRAL. AV.', 'CABILDO AV.']",1,13,MOTO-AUTO,MOTO,AUTO,-58.47617802,-34.53825652
2019-0047,1,2019,6,3,JUEVES,10.0,AVENIDA,['CASEROS AV.'],0,4,PEATON-CARGAS,PEATON,CARGAS,-58.38641783,-34.63330028
2019-0048,1,2019,6,4,VIERNES,7.0,AVENIDA,['AVELLANEDA AV.'],0,6,MOTO-CARGAS,MOTO,CARGAS,-58.45322169,-34.62038137
2019-0049,1,2019,6,5,SÁBADO,9.333333333333334,CALLE,"['CIUDAD DE LA PAZ', 'MENDOZA']",1,13,PEATON-CARGAS,PEATON,CARGAS,-58.45849057,-34.56166498
2019-0050,1,2019,6,5,SÁBADO,23.583333333333332,AVENIDA,"['SALGUERO, JERONIMO', 'HONDURAS AV.']",1,14,MOTO-CARGAS,MOTO,CARGAS,-58.41829559,-34.59411677
2019-0051,1,2019,6,1,MARTES,10.0,CALLE,"['FILIBERTO, JUAN DE DIOS', 'OLAVARRIA']",1,4,MOTO-AUTO,MOTO,AUTO,-58.36376488,-34.63832093
2019-0053,1,2019,6,4,VIERNES,17.333333333333332,AVENIDA,"['ASTURIAS AV.', 'CASTA?ARES AV.']",1,8,AUTO-AUTO,AUTO,AUTO,-58.46442668,-34.66004784
2019-0054,1,2019,6,3,JUEVES,3.0,CALLE,['GANDARA'],0,15,MOTO-OBJETO FIJO,MOTO,OBJETO FIJO,-58.48222035,-34.58428769
2019-0055,1,2019,6,3,JUEVES,19.75,AVENIDA,"['GUEVARA, TRINIDAD', 'MADERO, EDUARDO AV.']",1,1,MOTO-PASAJEROS,MOTO,PASAJEROS,-58.36819005,-34.60283208
2019-0056,1,2019,6,5,SÁBADO,17.266666666666666,AVENIDA,['BOYACA AV.'],0,7,PEATON-AUTO,PEATON,AUTO,-58.45877601,-34.62330939
2019-0057,1,2019,7,4,VIERNES,19.0,CALLE,"['ARTILLEROS', 'LA PAMPA']",1,13,PEATON-AUTO,PEATON,AUTO,-58.44196498,-34.55760517
2019-0058,1,2019,7,2,MIÉRCOLES,9.333333333333334,AUTOPISTA,['AUTOPISTA PERITO MORENO'],0,10,MOTO-PASAJEROS,MOTO,PASAJEROS,-58.50622631,-34.63627822
2019-0059,1,2019,7,5,SÁBADO,22.583333333333332,CALLE,"['15 DE NOVIEMBRE DE 1889', 'SANTIAGO DEL ESTERO']",1,1,MOTO-PASAJEROS,MOTO,PASAJEROS,-58.3841088,-34.63099197
2019-0060,1,2019,7,2,MIÉRCOLES,11.333333333333334,AVENIDA,"['ACOSTA, MARIANO AV.', 'FALCON, RAMON L.,CNEL.']",1,10,PEATON-AUTO,PEATON,AUTO,-58.48100602,-34.63504312
2019-0061,1,2019,7,2,MIÉRCOLES,18.666666666666668,CALLE,"['11 DE SEPTIEMBRE DE 1888', 'MENDOZA']",1,13,PEATON-PASAJEROS,PEATON,PASAJEROS,-58.45200171,-34.5578132
2019-0062,1,2019,8,3,JUEVES,23.0,AVENIDA,"['PINO, VIRREY DEL', 'CAMPOS, LUIS M. AV.']",1,13,PEATON-PASAJEROS,PEATON,PASAJEROS,-58.44462132,-34.56201105
2019-0063,1,2019,8,6,DOMINGO,1.5,AVENIDA,"['FOREST AV.', 'MAURE']",1,15,MOTO-PASAJEROS,MOTO,PASAJEROS,-58.45220688,-34.58711712
2019-0064,1,2019,8,1,MARTES,3.25,AVENIDA,"['BOYACA AV.', 'AVELLANEDA AV.']",1,7,MOTO-AUTO,MOTO,AUTO,-58.4596221,-34.6224514
2019-0065,1,2019,8,3,JUEVES,16.75,CALLE,"['BARCO CENTENERA DEL', 'TILCARA']",1,4,PEATON-PASAJEROS,PEATON,PASAJEROS,-58.4197085,-34.65414867
2019-0066,1,2019,8,6,DOMINGO,21.25,AVENIDA,"['RIESTRA AV.', 'BOLIVAR (NO OFICIAL)']",1,7,PEATON-AUTO,PEATON,AUTO,-58.44187596,-34.64938031
2019-0067,1,2019,8,2,MIÉRCOLES,15.0,CALLE,"['CASTRO, EMILIO']",0,10,MOTO-CARGAS,MOTO,CARGAS,-58.49101637,-34.64276621
2019-0068,1,2019,8,2,MIÉRCOLES,17.666666666666668,AVENIDA,['27 DE FEBRERO AV.'],0,8,MOTO-MOTO,MOTO,MOTO,-58.42493829,-34.66256502
2019-0069,1,2019,8,5,SÁBADO,5.416666666666667,AVENIDA,"['GARAY, JUAN DE AV.']",0,4,MOTO-AUTO,MOTO,AUTO,-58.40489318,-34.62930162
2019-0070,1,2019,8,3,JUEVES,12.5,AVENIDA,"['SCALABRINI ORTIZ, RAUL AV.', 'GORRITI']",1,14,MOTO-BICICLETA,MOTO,BICICLETA,-58.4268668,-34.59217875
2019-0071,1,2019,8,1,MARTES,11.5,AVENIDA,"['PRIMERA JUNTA', 'OLIVERA AV.']",1,9,PEATON-CARGAS,PEATON,CARGAS,-58.479611,-34.65620398
2019-0072,1,2019,8,2,MIÉRCOLES,6.333333333333333,AVENIDA,"['ALBERDI, JUAN BAUTISTA AV.', 'AZUL']",1,10,AUTO-AUTO,AUTO,AUTO,-58.47439934,-34.63524207
2019-0073,1,2019,8,3,JUEVES,1.8333333333333335,AVENIDA,['ALVAREZ THOMAS AV.'],0,15,AUTO-OBJETO FIJO,AUTO,OBJETO FIJO,-58.46711912,-34.57926018
2019-0074,1,2019,8,3,JUEVES,9.0,AUTOPISTA,"['LUGONES, LEOPOLDO AV.', 'PAZ, GRAL. AV.']",1,13,MOTO-CARGAS,MOTO,CARGAS,-58.46514781,-34.53465378
2019-0075,1,2019,8,4,VIERNES,23.333333333333332,CALLE,"['SAN ANTONIO', 'LUJAN']",1,4,MOTO-PASAJEROS,MOTO,PASAJEROS,-58.37571078,-34.65584079
2019-0076,1,2019,9,3,JUEVES,18.0,AUTOPISTA,['AUTOPISTA 1 SUR PRESIDENTE ARTURO FRONDIZI'],0,4,MOTO-CARGAS,MOTO,CARGAS,-58.37157668,-34.65429986
2019-0077,1,2019,9,6,DOMINGO,3.6666666666666665,AVENIDA,"['FIGUEROA ALCORTA, PRES. AV.', 'TAGLE']",1,14,PEATON-AUTO,PEATON,AUTO,-58.39811256,-34.58070186
2019-0078,1,2019,9,3,JUEVES,8.416666666666666,AVENIDA,"['EINSTEIN, ALBERTO', 'ALCORTA, AMANCIO AV.']",1,4,PEATON-CARGAS,PEATON,CARGAS,-58.41125934,-34.6541774
2019-0079,1,2019,9,1,MARTES,5.5,CALLE,"['AGRELO', 'COLOMBRES']",1,5,MOTO-PASAJEROS,MOTO,PASAJEROS,-58.41822901,-34.61866836
2019-0080,1,2019,9,1,MARTES,18.666666666666668,GRAL PAZ,"['CABILDO AV.', 'PAZ, GRAL. AV.']",1,13,PEATON-MOTO,PEATON,MOTO,-58.47617802,-34.53825652
2019-0081,1,2019,9,0,LUNES,16.0,AVENIDA,['ELCANO AV.'],0,15,PEATON-PASAJEROS,PEATON,PASAJEROS,-58.46141281,-34.58623761
2019-0082,1,2019,9,2,MIÉRCOLES,7.75,AVENIDA,"['RABANAL, FRANCISCO, INTENDENTE AV.']",0,8,BICICLETA-CARGAS,BICICLETA,CARGAS,-58.42985146,-34.6611974
2019-0083,1,2019,9,3,JUEVES,8.0,CALLE,"['MONTE', 'CORVALAN']",1,9,AUTO-AUTO,AUTO,AUTO,-58.48457413,-34.6583909
2019-0084,1,2019,9,4,VIERNES,11.75,CALLE,"['TANDIL', 'LAFUENTE']",1,7,BICICLETA-CARGAS,BICICLETA,CARGAS,-58.46572884,-34.63628186
2019-0085,1,2019,10,2,MIÉRCOLES,22.3,CALLE,"['CARDOSO', 'BACACAY']",1,10,BICICLETA-TREN,BICICLETA,TREN,-58.49261744,-34.6341913
2019-0086,1,2019,10,1,MARTES,14.166666666666666,AVENIDA,['CORRIENTES AV.'],0,15,MOTO-PASAJEROS,MOTO,PASAJEROS,-58.45283186,-34.5884156
2019-0087,1,2019,10,0,LUNES,21.0,AVENIDA,"['ALVAREZ THOMAS AV.', 'MENDOZA']",1,12,MOTO-MOTO,MOTO,MOTO,-58.47973681,-34.57418656
2019-0088,1,2019,10,1,MARTES,20.0,AVENIDA,"['ALCORTA, AMANCIO AV.', 'BONAVENA, OSCAR NATALIO']",1,4,PEATON-PASAJEROS,PEATON,PASAJEROS,-58.40623949,-34.65076549
2019-0089,1,2019,10,2,MIÉRCOLES,15.75,AVENIDA,"['BROWN, ALTE. AV.', 'BLANES, JUAN MANUEL']",1,4,PEATON-CARGAS,PEATON,CARGAS,-58.36244648,-34.63107887
2019-0090,1,2019,10,3,JUEVES,18.433333333333334,AVENIDA,"['ALBERDI, JUAN BAUTISTA AV.']",0,9,PEATON-MOTO,PEATON,MOTO,-58.49962423,-34.64868027
2019-0091,1,2019,11,4,VIERNES,20.833333333333332,AVENIDA,"['JUSTO, JUAN B. AV.', 'CAMARGO']",1,15,PEATON-PASAJEROS,PEATON,PASAJEROS,-58.44551437,-34.59559816
2019-0092,1,2019,11,6,DOMINGO,10.5,CALLE,"['BRIN, MINISTRO', 'SUAREZ']",1,4,PEATON-PASAJEROS,PEATON,PASAJEROS,-58.35608181,-34.63420319
2019-0093,1,2019,11,2,MIÉRCOLES,11.833333333333334,AVENIDA,"['NIZA', 'JUSTO, JUAN B. AV.']",1,11,BICICLETA-OTRO,BICICLETA,OTRO,-58.46483679,-34.60907662
2019-0094,1,2019,11,0,LUNES,14.0,CALLE,"['CAMARGO', 'SERRANO']",1,15,MOTO-OTRO,MOTO,OTRO,-58.44368628,-34.59724326
2019-0095,1,2019,11,2,MIÉRCOLES,15.5,AUTOPISTA,['AUTOPISTA 1 SUR PRESIDENTE ARTURO FRONDIZI'],0,1,MOTO-CARGAS,MOTO,CARGAS,-58.37864583,-34.62907067
2019-0096,1,2019,11,4,VIERNES,19.55,AVENIDA,"['CASEROS AV.', 'PIEDRAS']",1,1,PEATON-PASAJEROS,PEATON,PASAJEROS,-58.37560352,-34.62726382
2019-0097,1,2019,11,0,LUNES,8.833333333333334,AUTOPISTA,['AUTOPISTA PERITO MORENO'],0,9,MULTIPLE,MOTO,MULTIPLE,-58.47721439,-34.64815069
2019-0098,1,2019,11,0,LUNES,14.0,AVENIDA,['GUZMAN'],0,15,PASAJEROS-PASAJEROS,PASAJEROS,PASAJEROS,-58.45134029,-34.58984288
2019-0100,1,2019,12,3,JUEVES,17.5,AVENIDA,['DE LOS CONSTITUYENTES AV.'],0,12,MOTO-AUTO,MOTO,AUTO,-58.49040794,-34.58368803
2019-0101,1,2019,12,1,MARTES,4.333333333333333,AVENIDA,"['MORENO, PERITO AV.', 'TILCARA AV.']",1,4,MOTO-MOTO,MOTO,MOTO,-58.42102679,-34.64991178
2019-0102,1,2019,12,1,MARTES,14.5,CALLE,"['IBARROLA', 'GORDILLO, TIMOTEO']",1,9,MOTO-AUTO,MOTO,AUTO,-58.52219407,-34.64143926
2019-0103,1,2019,12,2,MIÉRCOLES,14.0,GRAL PAZ,"['PAZ, GRAL. AV.', 'GRIVEO']",1,11,MOTO-MOTO,MOTO,MOTO,-58.52169422,-34.5947164
2019-0104,1,2019,12,5,SÁBADO,4.416666666666667,AVENIDA,"['RIVADAVIA AV.', 'PERGAMINO']",1,10,MOTO-AUTO,MOTO,AUTO,-58.47460416,-34.63206174
2019-0105,1,2019,5,6,DOMINGO,11.0,AVENIDA,"['SANTO TOME', 'SEGUROLA AV.']",1,10,PEATON-AUTO,PEATON,AUTO,-58.50512382,-34.61520391
2020-0001,1,2020,1,5,SÁBADO,10.666666666666666,CALLE,"['URIARTE', 'LOYOLA']",1,15,PEATON-AUTO,PEATON,AUTO,-58.43910409,-34.59213355
2020-0002,1,2020,1,6,DOMINGO,20.0,AVENIDA,"['SARAZA', 'VARELA AV.']",1,7,MOTO-OBJETO FIJO,MOTO,OBJETO FIJO,-58.45019436,-34.64646409
2020-0003,1,2020,1,5,SÁBADO,6.0,AVENIDA,"['RIVADAVIA AV.', 'COMBATE DE LOS POZOS']",1,3,PEATON-AUTO,PEATON,AUTO,-58.39337644,-34.60927582
2020-0004,1,2020,1,1,MARTES,21.666666666666668,AVENIDA,"['RODRIGUEZ PE?A', 'RIVADAVIA AV.']",1,1,PEATON-PASAJEROS,PEATON,PASAJEROS,-58.39055614,-34.60919284
2020-0005,1,2020,1,1,MARTES,6.0,AVENIDA,"['24 DE NOVIEMBRE', 'SAN JUAN AV.']",1,3,MOTO-PASAJEROS,MOTO,PASAJEROS,-58.41036975,-34.62477021
2020-0006,1,2020,1,0,LUNES,12.916666666666666,AVENIDA,['LAFUENTE AV.'],0,8,MOTO-CARGAS,MOTO,CARGAS,-58.44925765,-34.65412546
2020-0007,1,2020,1,0,LUNES,0.6166666666666667,CALLE,"['CHILE', 'LIMA']",1,1,PEATON-MOTO,PEATON,MOTO,-58.3815685,-34.61648696
2020-0008,1,2020,1,3,JUEVES,7.166666666666667,AVENIDA,"['CORDOBA AV.', 'JAURES, JEAN']",1,2,MOTO-CARGAS,MOTO,CARGAS,-58.40662899,-34.59804521
2020-0009,1,2020,2,1,MARTES,14.833333333333334,CALLE,"['PERON, JUAN DOMINGO, TTE. GENERAL', 'SALGUERO, JERONIMO']",1,5,PEATON-AUTO,PEATON,AUTO,-58.41985649,-34.6060085
2020-0010,1,2020,2,5,SÁBADO,5.75,AVENIDA,"['9 DE JULIO AV.', 'SAN JUAN AV.']",1,1,MOTO-OBJETO FIJO,MOTO,OBJETO FIJO,-58.38099833,-34.62214953
2020-0011,1,2020,2,2,MIÉRCOLES,11.483333333333333,CALLE,['COLOMBRES'],0,5,MOTO-CARGAS,MOTO,CARGAS,-58.41803309,-34.61823178
2020-0012,1,2020,2,1,MARTES,21.0,CALLE,['MEXICO'],0,3,PEATON-MOTO,PEATON,MOTO,-58.40604003,-34.61783553
2020-0013,1,2020,2,3,JUEVES,12.0,AVENIDA,"['COMBATIENTES DE MALVINAS AV.', 'TRIUNVIRATO AV.']",1,15,PEATON-MOTO,PEATON,MOTO,-58.47549929,-34.57994061
2020-0014,1,2020,2,3,JUEVES,2.2333333333333334,CALLE,"['BERMUDEZ', 'NOGOYA']",1,11,MOTO-PASAJEROS,MOTO,PASAJEROS,-58.51398484,-34.61600366
2020-0015,1,2020,2,4,VIERNES,14.5,AVENIDA,"['BRASIL AV.', 'PASEO COLON AV.']",1,1,MOTO-PASAJEROS,MOTO,PASAJEROS,-58.36797542,-34.62519403
2020-0016,1,2020,2,5,SÁBADO,13.0,AVENIDA,"['ALEM, LEANDRO N. AV.']",0,1,PEATON-PASAJEROS,PEATON,PASAJEROS,-58.37133616,-34.59879316
2020-0017,1,2020,3,3,JUEVES,23.0,AVENIDA,"['BELGRANO AV.', 'RINCON']",1,3,PEATON-AUTO,PEATON,AUTO,-58.39613805,-34.61413568
2020-0018,1,2020,3,0,LUNES,14.0,AVENIDA,"['UDAONDO, GUILLERMO AV.']",0,13,MOTO-OBJETO FIJO,MOTO,OBJETO FIJO,-58.44903073,-34.54200276
2020-0019,1,2020,3,1,MARTES,21.0,CALLE,"['CONSTITUCION', 'CASTRO']",1,5,PEATON-AUTO,PEATON,AUTO,-58.41972364,-34.6284667
2020-0020,1,2020,3,4,VIERNES,17.5,AVENIDA,"['PUEYRREDON AV.', 'GOMEZ, VALENTIN']",1,3,PEATON-MOTO,PEATON,MOTO,-58.40571596,-34.60557123
2020-0021,1,2020,3,5,SÁBADO,16.833333333333332,CALLE,"['BRAVO, MARIO']",0,2,PEATON-AUTO,PEATON,AUTO,-58.4145159,-34.59488319
2020-0022,1,2020,4,1,MARTES,6.25,AUTOPISTA,"['AUTOPISTA DELLEPIANE LUIS TTE. GRAL.', 'ESCALADA AV.']",1,9,AUTO-CARGAS,AUTO,CARGAS,-58.47297505,-34.66245085
2020-0023,1,2020,4,3,JUEVES,18.7,AVENIDA,"['ARAOZ DE LAMADRID, GREGORIO, GRAL.', 'BROWN, ALTE. AV.']",1,4,AUTO-CARGAS,AUTO,CARGAS,-58.35791192,-34.63695178
2020-0024,1,2020,4,4,VIERNES,7.966666666666667,CALLE,['MURGUIONDO'],0,9,AUTO-AUTO,AUTO,AUTO,-58.50801713,-34.65177305
2020-0025,1,2020,5,1,MARTES,5.583333333333333,AVENIDA,['RIVADAVIA AV.'],0,3,PEATON-AUTO,PEATON,AUTO,-58.40258477,-34.60975108
2020-0026,1,2020,5,6,DOMINGO,6.666666666666667,AUTOPISTA,"['LUGONES, LEOPOLDO AV.']",0,14,MOTO-OBJETO FIJO,MOTO,OBJETO FIJO,-58.42525456,-34.57866344
2020-0027,1,2020,5,0,LUNES,8.0,AVENIDA,"['DELLEPIANE, LUIS, TTE. GRAL.', 'MONTIEL']",1,8,PEATON-CARGAS,PEATON,CARGAS,-58.48267426,-34.68454456
2020-0028,1,2020,5,1,MARTES,10.0,AVENIDA,"['SCALABRINI ORTIZ, RAUL AV.', 'WARNES AV.']",1,15,PEATON-PASAJEROS,PEATON,PASAJEROS,-58.44248936,-34.60221948
2020-0029,1,2020,6,2,MIÉRCOLES,14.0,GRAL PAZ,"['PAZ, GRAL. AV.', 'ROFFO, ANGEL H., DR.']",1,9,PEATON-PASAJEROS,PEATON,PASAJEROS,-58.52909134,-34.63886726
2020-0030,1,2020,6,1,MARTES,15.0,AVENIDA,['SAN MARTIN AV.'],0,6,MULTIPLE,MOTO,MULTIPLE,-58.45158942,-34.6064658
2020-0031,1,2020,6,1,MARTES,8.0,AVENIDA,"['GARZON, EUGENIO, GRAL. AV.', 'LARRAYA']",1,9,MOTO-CARGAS,MOTO,CARGAS,-58.49344309,-34.65788529
2020-0032,1,2020,7,4,VIERNES,23.0,AVENIDA,"['CORRIENTES AV.', 'SERRANO']",1,15,MOTO-AUTO,MOTO,AUTO,-58.44259166,-34.59635137
2020-0033,1,2020,7,6,DOMINGO,6.416666666666667,GRAL PAZ,"['PAZ, GRAL. AV.', 'DEL LIBERTADOR AV.']",1,13,AUTO-OBJETO FIJO,AUTO,OBJETO FIJO,-58.46743471,-34.53476874
2020-0034,1,2020,8,6,DOMINGO,3.3333333333333335,CALLE,"['MITRE, BARTOLOME', 'ANCHORENA, TOMAS MANUEL DE, DR.']",1,3,PEATON-AUTO,PEATON,AUTO,-58.41178158,-34.60922259
2020-0035,1,2020,8,1,MARTES,5.5,AUTOPISTA,['AUTOPISTA 25 DE MAYO'],0,7,MOTO-PASAJEROS,MOTO,PASAJEROS,-58.45068621,-34.63638927
2020-0036,1,2020,8,4,VIERNES,18.666666666666668,AVENIDA,"['SCALABRINI ORTIZ, RAUL AV.', 'PARAGUAY']",1,14,PEATON-MOTO,PEATON,MOTO,-58.42016954,-34.5877879
2020-0037,1,2020,8,5,SÁBADO,4.5,AVENIDA,"['FERNANDEZ DE LA CRUZ, F., GRAL. AV.', 'VARELA AV.']",1,8,PEATON-AUTO,PEATON,AUTO,-58.43850413,-34.65554754
2020-0038,2,2020,8,6,DOMINGO,4.0,AVENIDA,"['LAS HERAS GENERAL AV.', 'DIAZ, CNEL. AV.']",1,14,AUTO-AUTO,AUTO,AUTO,-58.40617526,-34.58345898
2020-0039,1,2020,9,1,MARTES,19.283333333333335,CALLE,['MURGUIONDO'],0,9,PEATON-CARGAS,PEATON,CARGAS,-58.50877521,-34.66977709
2020-0040,1,2020,9,5,SÁBADO,3.5,AVENIDA,"['CASTILLO, RAMON S., PRES. AV.', 'CALLE 12 (NO OFICIAL)']",1,2,AUTO-OBJETO FIJO,AUTO,OBJETO FIJO,-58.38526125,-34.5780581
2020-0041,1,2020,9,0,LUNES,1.75,AVENIDA,"['CURAPALIGUE', 'PERON, EVA AV.']",1,7,MOTO-PASAJEROS,MOTO,PASAJEROS,-58.4475047,-34.63491705
2020-0042,1,2020,9,1,MARTES,17.166666666666668,AVENIDA,"['DIAZ, ANA', 'SOLDADO DE LA FRONTERA AV.']",1,8,PEATON-PASAJEROS,PEATON,PASAJEROS,-58.46745752,-34.68192648
2020-0043,1,2020,9,2,MIÉRCOLES,17.333333333333332,AVENIDA,"['ALEM, LEANDRO N. AV.', 'PARAGUAY']",1,1,PEATON-PASAJEROS,PEATON,PASAJEROS,-58.37202621,-34.59717942
2020-0044,1,2020,10,0,LUNES,0.3333333333333333,AVENIDA,"['LA PLATA AV.', 'INDEPENDENCIA AV.']",1,6,AUTO-AUTO,AUTO,AUTO,-58.42779702,-34.62207347
2020-0045,1,2020,10,0,LUNES,3.0,GRAL PAZ,"['PAZ, GRAL. AV.', '27 DE FEBRERO AV.']",1,8,AUTO-CARGAS,AUTO,CARGAS,-58.46244952,-34.70524971
2020-0046,1,2020,10,1,MARTES,21.0,AVENIDA,"['NAZCA AV.', 'CARRANZA, ADOLFO P.']",1,11,MOTO-MOTO,MOTO,MOTO,-58.4844016,-34.60776782
2020-0047,1,2020,10,1,MARTES,14.0,AUTOPISTA,"['AUTOPISTA PRESIDENTE HECTOR J. CAMPORA', 'LACARRA AV.']",1,9,PEATON-CARGAS,PEATON,CARGAS,-58.46668375,-34.65174801
2020-0048,1,2020,10,3,JUEVES,20.333333333333332,AVENIDA,['DORREGO AV.'],0,15,MOTO-OBJETO FIJO,MOTO,OBJETO FIJO,-58.4495878,-34.59322448
2020-0049,1,2020,10,4,VIERNES,20.0,AVENIDA,"['DEL LIBERTADOR AV.', 'RAMOS MEJIA, JOSE MARIA, DR. AV.']",1,1,PEATON-AUTO,PEATON,AUTO,-58.37533517,-34.59276462
2020-0050,1,2020,11,6,DOMINGO,22.0,AVENIDA,"['SANTA FE AV.', 'GODOY CRUZ']",1,14,PEATON-MOTO,PEATON,MOTO,-58.42525456,-34.57866344
2020-0051,1,2020,11,3,JUEVES,0.6666666666666666,AVENIDA,"['AVELLANEDA AV.', 'MERCEDES']",1,10,MOTO-AUTO,MOTO,AUTO,-58.48493828,-34.62981124
2020-0052,1,2020,11,5,SÁBADO,6.833333333333333,AVENIDA,"['TUCUMAN', 'PUEYRREDON AV.']",1,3,BICICLETA-CARGAS,BICICLETA,CARGAS,-58.40480504,-34.60183884
2020-0053,1,2020,11,0,LUNES,3.5,AVENIDA,"['ALCORTA, AMANCIO AV.', 'EINSTEIN, ALBERTO']",1,4,AUTO-AUTO,AUTO,AUTO,-58.41125934,-34.6541774
2020-0054,1,2020,11,3,JUEVES,9.0,CALLE,"['INCLAN', 'ALBERTI']",1,4,BICICLETA-AUTO,BICICLETA,AUTO,-58.39956546,-34.6297708
2020-0055,1,2020,11,3,JUEVES,12.5,AVENIDA,['OLAZABAL AV.'],0,12,PEATON-CARGAS,PEATON,CARGAS,-58.49005682,-34.5786897
2020-0056,1,2020,11,5,SÁBADO,13.0,GRAL PAZ,"['PAZ, GRAL. AV.', 'ROCA, CNEL. AV.']",1,8,MOTO-CARGAS,MOTO,CARGAS,-58.47064556,-34.69843756
2020-0057,1,2020,11,0,LUNES,7.75,AVENIDA,"['NAZCA AV.', 'VIALE, LUIS']",1,11,PEATON-AUTO,PEATON,AUTO,-58.4750156,-34.61945902
2020-0058,1,2020,11,1,MARTES,16.0,AVENIDA,"['OLIVERA AV.', 'FALCON, RAMON L.,CNEL.']",1,10,PEATON-AUTO,PEATON,AUTO,-58.48727942,-34.63652467
2020-0059,1,2020,12,1,MARTES,6.583333333333333,CALLE,['BRASIL'],0,1,PEATON-PASAJEROS,PEATON,PASAJEROS,-58.3795169,-34.62794241
2020-0060,1,2020,12,3,JUEVES,20.5,AVENIDA,"['HOMERO', 'PERON, EVA AV.']",1,9,PEATON-MOTO,PEATON,MOTO,-58.47750832,-34.65672199
2020-0061,1,2020,12,3,JUEVES,14.666666666666666,AUTOPISTA,"['CANTILO, INT.', 'UDAONDO, GUILLERMO AV.']",1,13,MOTO-CARGAS,MOTO,CARGAS,-58.44927253,-34.54048625
2020-0062,1,2020,12,4,VIERNES,17.316666666666666,CALLE,['MORENO'],0,3,BICICLETA-PASAJEROS,BICICLETA,PASAJEROS,-58.39246272,-34.61253541
2020-0063,2,2020,12,5,SÁBADO,7.166666666666667,CALLE,"['NUEVA YORK', 'ALTA GRACIA']",1,11,PEATON_MOTO-MOTO,PEATON_MOTO,MOTO,-58.52783814,-34.61047001
2020-0065,1,2020,12,5,SÁBADO,16.0,GRAL PAZ,"['PAZ, GRAL. AV.', 'GOYENECHE, ROBERTO PARQUE AV.']",1,12,MOTO-AUTO,MOTO,AUTO,-58.49332664,-34.54836855
2020-0066,1,2020,12,0,LUNES,4.5,AUTOPISTA,['AUTOPISTA PERITO MORENO'],0,10,MOTO-OBJETO FIJO,MOTO,OBJETO FIJO,-58.50178784,-34.63593897
2020-0067,1,2020,12,4,VIERNES,22.0,AVENIDA,"['SAENZ AV.', 'BEAZLEY']",1,4,PEATON-PASAJEROS,PEATON,PASAJEROS,-58.41657793,-34.65476216
2020-0068,1,2020,12,5,SÁBADO,20.5,AVENIDA,"['DEL LIBERTADOR AV.', 'AUSTRIA']",1,2,MOTO-AUTO,MOTO,AUTO,-58.39731474,-34.58307887
2020-0069,1,2020,12,1,MARTES,5.333333333333333,AVENIDA,"['INDEPENDENCIA AV.', 'SAENZ PE?A, LUIS, PRES.']",1,1,MOTO-PASAJEROS,MOTO,PASAJEROS,-58.38746381,-34.61790839
2020-0070,1,2020,12,3,JUEVES,15.583333333333334,AVENIDA,"['CALLAO AV.', 'LAS HERAS, GENERAL']",1,2,PEATON-PASAJEROS,PEATON,PASAJEROS,-58.39189441,-34.59176378
2020-0071,1,2020,12,3,JUEVES,23.0,AVENIDA,"['SAN PEDRITO AV.', 'DIRECTORIO AV.']",1,7,PEATON-AUTO,PEATON,AUTO,-58.46749188,-34.63551751
2020-0072,1,2020,12,5,SÁBADO,3.5,AVENIDA,"['JUJUY AV.', 'CALVO, CARLOS']",1,3,BICICLETA-AUTO,BICICLETA,AUTO,-58.40280471,-34.62113271
2020-0073,1,2020,12,6,DOMINGO,7.666666666666667,AVENIDA,"['27 DE FEBRERO AV.', 'ESCALADA AV.']",1,8,MOTO-OBJETO FIJO,MOTO,OBJETO FIJO,-58.44451316,-34.68475866
2020-0074,1,2020,12,6,DOMINGO,21.0,AVENIDA,"['BOGOTA', 'NAZCA AV.']",1,7,AUTO-AUTO,AUTO,AUTO,-58.47110424,-34.62742408
2020-0075,1,2020,12,2,MIÉRCOLES,14.0,AVENIDA,"['CORRIENTES AV.', '9 DE JULIO AV.']",1,1,PEATON-PASAJEROS,PEATON,PASAJEROS,-58.38220928,-34.60373898
2020-0076,1,2020,12,3,JUEVES,12.5,AVENIDA,"['ALVAREZ JONTE AV.', 'CHIVILCOY']",1,10,AUTO-PASAJEROS,AUTO,PASAJEROS,-58.49794468,-34.61565025
2020-0077,2,2020,12,4,VIERNES,6.666666666666667,AVENIDA,"['SAN MARTIN AV.', 'PUNTA ARENAS']",1,15,MOTO-AUTO,MOTO,AUTO,-58.47220945,-34.60111373
2020-0078,1,2020,12,4,VIERNES,5.833333333333333,CALLE,['BARCO CENTENERA DEL'],0,7,BICICLETA-PASAJEROS,BICICLETA,PASAJEROS,-58.43706741,-34.63217813
2020-0079,1,2020,12,6,DOMINGO,4.25,GRAL PAZ,"['PAZ, GRAL. AV.', 'GOYENECHE, ROBERTO PARQUE AV.']",1,12,MOTO-OBJETO FIJO,MOTO,OBJETO FIJO,-58.49332664,-34.54836855
2021-0001,1,2021,1,2,MIÉRCOLES,18.0,AUTOPISTA,['AUTOPISTA 1 SUR PRESIDENTE ARTURO FRONDIZI'],0,1,MOTO-AUTO,MOTO,AUTO,-58.37960727,-34.62622851
2021-0002,1,2021,1,3,JUEVES,10.333333333333334,AVENIDA,"['CASTRO, EMILIO AV.', 'MURGUIONDO']",1,9,MOTO-CARGAS,MOTO,CARGAS,-58.51061062,-34.64972472
2021-0003,1,2021,1,6,DOMINGO,7.666666666666667,AUTOPISTA,['AUTOPISTA 25 DE MAYO'],0,7,MOTO-OBJETO FIJO,MOTO,OBJETO FIJO,-58.43052224,-34.62941648
2021-0004,1,2021,1,0,LUNES,9.2,AVENIDA,"['CASEROS AV.', 'GUARANI']",1,5,PEATON-CARGAS,PEATON,CARGAS,-58.41455544,-34.63866836
2021-0005,1,2021,1,0,LUNES,21.5,AVENIDA,"['PERON, EVA AV.']",0,9,PEATON-AUTO,PEATON,AUTO,-58.46774439,-34.64730145
2021-0006,1,2021,1,1,MARTES,21.0,AUTOPISTA,"['AUTOPISTA ARTURO ILLIA', 'SARMIENTO AV.']",1,14,MOTO-CARGAS,MOTO,CARGAS,-58.40786274,-34.56726817
2021-0007,1,2021,1,0,LUNES,10.0,AVENIDA,"['DE LOS CONSTITUYENTES AV.', 'GIRIBONE']",1,15,MOTO-MOTO,MOTO,MOTO,-58.48744301,-34.58622275
2021-0008,1,2021,1,4,VIERNES,23.5,AVENIDA,"['SAENZ AV.', 'RABANAL, FRANCISCO, INTENDENTE AV.']",1,4,PEATON-PASAJEROS,PEATON,PASAJEROS,-58.41657793,-34.65476216
2021-0009,1,2021,1,5,SÁBADO,5.5,AVENIDA,"['PAYSANDU', 'GAONA AV.']",1,6,MOTO-OBJETO FIJO,MOTO,OBJETO FIJO,-58.45351111,-34.61134937
2021-0010,1,2021,1,5,SÁBADO,8.0,GRAL PAZ,"['PAZ, GRAL. AV.', 'BALBIN, RICARDO, DR. AV.']",1,12,MOTO-AUTO,MOTO,AUTO,-58.5007381,-34.5497951
2021-0011,1,2021,1,2,MIÉRCOLES,1.0666666666666667,AVENIDA,['SANTA FE AV.'],0,2,PEATON-AUTO,PEATON,AUTO,-58.39144148,-34.59564871
2021-0012,1,2021,1,4,VIERNES,20.116666666666667,AUTOPISTA,"['DELLEPIANE, LUIS, TTE. GRAL.', 'GUAMINI']",1,8,PEATON-AUTO,PEATON,AUTO,-58.48191128,-34.68385968
2021-0013,1,2021,1,6,DOMINGO,6.166666666666667,AVENIDA,"['FALCON, RAMON L.,CNEL.', 'OLIVERA AV.']",1,10,MOTO-OBJETO FIJO,MOTO,OBJETO FIJO,-58.48727942,-34.63652467
2021-0014,1,2021,2,1,MARTES,0.8333333333333334,AVENIDA,"['SAN MARTIN AV.', 'NOGOYA']",1,15,PEATON-AUTO,PEATON,AUTO,-58.48328708,-34.59779521
2021-0015,1,2021,2,5,SÁBADO,3.0833333333333335,AVENIDA,"['SAN MARTIN AV.', 'TINOGASTA']",1,15,MOTO-OBJETO FIJO,MOTO,OBJETO FIJO,-58.49018543,-34.5972499
2021-0016,1,2021,2,6,DOMINGO,5.833333333333333,AVENIDA,"['FERNANDEZ DE LA CRUZ, F., GRAL. AV.', 'DE LA TORRE, LISANDRO']",1,8,AUTO-OBJETO FIJO,AUTO,OBJETO FIJO,-58.47230127,-34.68482689
2021-0017,1,2021,2,2,MIÉRCOLES,4.166666666666667,AVENIDA,"['SALTA', 'CASEROS AV.']",1,1,MOTO-PASAJEROS,MOTO,PASAJEROS,-58.38262614,-34.63168269
2021-0018,1,2021,2,5,SÁBADO,19.0,CALLE,"['JAURES, JEAN', 'PERON, JUAN DOMINGO, TTE. GENERAL']",1,3,PEATON-AUTO,PEATON,AUTO,-58.41047268,-34.60793518
2021-0019,1,2021,2,6,DOMINGO,1.3333333333333333,AVENIDA,"['TRIUNVIRATO AV.', 'LARRALDE, CRISOLOGO AV.']",1,12,MOTO-OBJETO FIJO,MOTO,OBJETO FIJO,-58.49659234,-34.56353635
2021-0020,1,2021,2,6,DOMINGO,15.0,CALLE,"['POTOSI', 'GASCON']",1,5,PEATON-CARGAS,PEATON,CARGAS,-58.42462955,-34.60727189
2021-0021,1,2021,2,4,VIERNES,5.5,CALLE,"['YRIGOYEN, HIPOLITO', '24 DE NOVIEMBRE']",1,3,MOTO-OBJETO FIJO,MOTO,OBJETO FIJO,-58.41168345,-34.61185625
2021-0022,1,2021,2,6,DOMINGO,12.0,AVENIDA,"['DEL LIBERTADOR AV.', 'ROOSEVELT FRANKLIN D.']",1,13,PASAJEROS-SD,PASAJEROS,SD,-58.45157681,-34.55217303
2021-0023,1,2021,3,0,LUNES,9.333333333333334,AUTOPISTA,['AUTOPISTA BUENOS AIRES - LA PLATA'],0,4,MOTO-CARGAS,MOTO,CARGAS,-58.37709334,-34.64035082
2021-0024,1,2021,3,2,MIÉRCOLES,16.5,AVENIDA,"['PERON, EVA AV.', 'PIEDRA BUENA AV.']",1,9,BICICLETA-CARGAS,BICICLETA,CARGAS,-58.49573651,-34.67006054
2021-0025,1,2021,3,3,JUEVES,3.75,GRAL PAZ,"['PAZ, GRAL. AV.', 'AUTOPISTA DELLEPIANE LUIS TTE. GRAL.']",1,8,MOTO-OTRO,MOTO,OTRO,-58.48695354,-34.68795245
2021-0026,1,2021,3,0,LUNES,2.5833333333333335,AUTOPISTA,['AUTOPISTA 1 SUR PRESIDENTE ARTURO FRONDIZI'],0,4,MOTO-OBJETO FIJO,MOTO,OBJETO FIJO,-58.37562539,-34.64449357
2021-0027,1,2021,3,1,MARTES,15.5,GRAL PAZ,"['PAZ, GRAL. AV.', 'DONADO']",1,12,MOTO-CARGAS,MOTO,CARGAS,-58.49491054,-34.54795581
2021-0028,1,2021,3,0,LUNES,17.333333333333332,AVENIDA,"['COREA AV.', 'TORRES Y TENORIO, PRES.']",1,7,PEATON-PASAJEROS,PEATON,PASAJEROS,-58.44147621,-34.64357704
2021-0029,1,2021,3,2,MIÉRCOLES,18.083333333333332,AVENIDA,"['FALCON, RAMON L.,CNEL.', 'SAN PEDRITO AV.']",1,7,AUTO-AUTO,AUTO,AUTO,-58.46899119,-34.63215432
2021-0030,1,2021,4,5,SÁBADO,18.5,CALLE,['FINOCHIETTO ENRIQUE DR.'],0,4,PEATON-PASAJEROS,PEATON,PASAJEROS,-58.38685612,-34.63455776
2021-0031,1,2021,4,2,MIÉRCOLES,10.483333333333333,AVENIDA,"['9 DE JULIO AV.', 'INDEPENDENCIA AV.']",1,1,PEATON-CARGAS,PEATON,CARGAS,-58.38113667,-34.61765323
2021-0032,1,2021,4,5,SÁBADO,19.916666666666668,AUTOPISTA,"['CANTILO, INT.', 'GUIRALDES, INT.']",1,13,PEATON-MOTO,PEATON,MOTO,-58.44112678,-34.54538956
2021-0033,1,2021,4,2,MIÉRCOLES,17.833333333333332,AUTOPISTA,['AUTOPISTA 25 DE MAYO'],0,5,AUTO-OBJETO FIJO,AUTO,OBJETO FIJO,-58.41595919,-34.62743346
2021-0034,1,2021,4,0,LUNES,14.666666666666666,AVENIDA,"['ALCORTA, AMANCIO AV.', 'ZAVALETA']",1,4,MOTO-CARGAS,MOTO,CARGAS,-58.40184094,-34.64546845
2021-0035,1,2021,5,0,LUNES,9.333333333333334,AVENIDA,"['JANER, ANA MARIA', 'LAFUENTE AV.']",1,8,MOTO-CARGAS,MOTO,CARGAS,-58.44642231,-34.65679806
2021-0036,1,2021,5,6,DOMINGO,6.0,GRAL PAZ,"['PAZ, GRAL. AV.', 'MOSCONI GENERAL AV.']",1,11,MOTO-OBJETO FIJO,MOTO,OBJETO FIJO,-58.52340614,-34.59798754
2021-0037,1,2021,5,1,MARTES,7.166666666666667,AVENIDA,"['MONROE', 'BALBIN, RICARDO, DR. AV.']",1,13,PEATON-PASAJEROS,PEATON,PASAJEROS,-58.46649069,-34.56219075
2021-0038,1,2021,5,4,VIERNES,11.666666666666666,AVENIDA,"['JUSTO, JUAN B. AV.', 'SANTA FE AV.']",1,14,MOTO-CARGAS,MOTO,CARGAS,-58.42653328,-34.57816791
2021-0039,1,2021,5,5,SÁBADO,12.15,AVENIDA,"['OLIDEN', 'ALBERDI, JUAN BAUTISTA AV.']",1,9,BICICLETA-AUTO,BICICLETA,AUTO,-58.50407099,-34.65303372
2021-0040,1,2021,5,3,JUEVES,5.833333333333333,GRAL PAZ,"['PAZ, GRAL. AV.', 'DEL LIBERTADOR AV.']",1,13,MOTO-AUTO,MOTO,AUTO,-58.46743471,-34.53476874
2021-0041,1,2021,5,3,JUEVES,8.5,AVENIDA,"['DEL LIBERTADOR AV.', 'CASARES AV.']",1,14,PEATON-PASAJEROS,PEATON,PASAJEROS,-58.40986646,-34.5772806
2021-0042,1,2021,5,4,VIERNES,5.0,AVENIDA,['RIVADAVIA AV.'],0,9,PEATON-PASAJEROS,PEATON,PASAJEROS,-58.51739138,-34.63931792
2021-0043,1,2021,5,5,SÁBADO,18.433333333333334,AVENIDA,"['ALBERDI, JUAN BAUTISTA AV.', 'PILAR']",1,9,PEATON-AUTO,PEATON,AUTO,-58.50719962,-34.65556223
2021-0044,1,2021,5,1,MARTES,2.0,AVENIDA,"['PERON, EVA AV.', 'ACOSTA, MARIANO']",1,9,MOTO-OBJETO FIJO,MOTO,OBJETO FIJO,-58.46712311,-34.64600222
2021-0045,1,2021,5,2,MIÉRCOLES,17.4,AUTOPISTA,['AUTOPISTA 1 SUR PRESIDENTE ARTURO FRONDIZI'],0,4,MULTIPLE,MOTO,MULTIPLE,-58.37709334,-34.64035082
2021-0046,1,2021,5,0,LUNES,2.0,AVENIDA,"['ELCANO AV.', 'GUZMAN AV.']",1,15,AUTO-OBJETO FIJO,AUTO,OBJETO FIJO,-58.46033141,-34.58569883
2021-0047,1,2021,6,2,MIÉRCOLES,16.0,AVENIDA,"['VEDIA, AGUSTIN DE', 'RABANAL, FRANCISCO, INTENDENTE AV.']",1,4,MOTO-AUTO,MOTO,AUTO,-58.42190745,-34.65633192
2021-0048,1,2021,6,3,JUEVES,9.966666666666667,AVENIDA,"['CAPDEVILA', 'CONGRESO AV.']",1,12,BICICLETA-AUTO,BICICLETA,AUTO,-58.49026573,-34.5698141
2021-0049,1,2021,6,3,JUEVES,20.5,AVENIDA,"['FERNANDEZ DE LA CRUZ, F., GRAL. AV.']",0,8,AUTO-AUTO,AUTO,AUTO,-58.45410344,-34.66902702
2021-0050,1,2021,6,3,JUEVES,13.5,AVENIDA,['DEL LIBERTADOR AV.'],0,13,MOTO-PASAJEROS,MOTO,PASAJEROS,-58.44751621,-34.55719892
2021-0051,1,2021,6,1,MARTES,19.333333333333332,AVENIDA,"['27 DE FEBRERO AV.', 'EREZCANO AV.']",1,4,PEATON-CARGAS,PEATON,CARGAS,-58.42040352,-34.66005171
2021-0052,1,2021,6,6,DOMINGO,5.666666666666667,GRAL PAZ,"['PAZ, GRAL. AV.']",0,8,MOTO-OBJETO FIJO,MOTO,OBJETO FIJO,-58.49530249,-34.68010798
2021-0053,1,2021,6,6,DOMINGO,12.0,AVENIDA,['CORRIENTES AV.'],0,15,PEATON-BICICLETA,PEATON,BICICLETA,-58.44399875,-34.5947736
2021-0054,1,2021,6,1,MARTES,14.733333333333333,CALLE,"['TABARE', 'EREZCANO']",1,4,MOTO-CARGAS,MOTO,CARGAS,-58.42759813,-34.65463857
2021-0055,1,2021,6,1,MARTES,12.333333333333334,AVENIDA,"['CORRIENTES AV.', 'PUEYRREDON AV.']",1,3,MOTO-CARGAS,MOTO,CARGAS,-58.40547222,-34.60456293
2021-0056,1,2021,7,4,VIERNES,23.416666666666668,AVENIDA,"['CORRALES', 'MORENO, PERITO AV.']",1,4,BICICLETA-AUTO,BICICLETA,AUTO,-58.42473018,-34.6500828
2021-0057,1,2021,7,5,SÁBADO,23.5,AUTOPISTA,['AUTOPISTA ARTURO ILLIA'],0,2,AUTO-OBJETO FIJO,AUTO,OBJETO FIJO,-58.39257023,-34.57563957
2021-0058,1,2021,7,2,MIÉRCOLES,0.6666666666666666,GRAL PAZ,"['PAZ, GRAL. AV.', 'VEDIA']",1,12,PEATON-AUTO,PEATON,AUTO,-58.48941042,-34.54596153
2021-0059,1,2021,7,3,JUEVES,1.3333333333333333,AVENIDA,"['GARAY, JUAN DE AV.']",0,3,AUTO-OBJETO FIJO,AUTO,OBJETO FIJO,-58.3964074,-34.62783085
2021-0060,1,2021,7,3,JUEVES,12.5,AVENIDA,"['SALGUERO, JERONIMO', 'RIVADAVIA AV.']",1,5,PEATON-PASAJEROS,PEATON,PASAJEROS,-58.41971993,-34.6111224
2021-0061,1,2021,7,5,SÁBADO,9.25,AVENIDA,"['MORENO, PERITO AV.', 'ALCORTA, AMANCIO AV.']",1,4,PEATON-CARGAS,PEATON,CARGAS,-58.40544588,-34.65012801
2021-0062,1,2021,7,1,MARTES,7.266666666666667,AVENIDA,['LA PLATA AV.'],0,4,AUTO-CARGAS,AUTO,CARGAS,-58.42003882,-34.64645957
2021-0063,1,2021,8,0,LUNES,4.666666666666667,AVENIDA,"['ALBERDI, JUAN BAUTISTA AV.']",0,7,AUTO-AUTO,AUTO,AUTO,-58.46851293,-34.63348678
2021-0064,1,2021,8,0,LUNES,20.0,GRAL PAZ,"['PAZ, GRAL. AV.', 'TONELERO']",1,9,PEATON-CARGAS,PEATON,CARGAS,-58.52931141,-34.65422917
2021-0065,1,2021,8,4,VIERNES,8.5,AVENIDA,"['SAN JUAN AV.', 'LA PLATA AV.']",1,6,PEATON-PASAJEROS,PEATON,PASAJEROS,-58.42675754,-34.6269973
2021-0066,1,2021,8,4,VIERNES,20.0,AVENIDA,"['LOPE DE VEGA AV.', 'PAZ, GRAL. AV.']",1,11,PEATON-PASAJEROS,PEATON,PASAJEROS,-58.52933723,-34.61098186
2021-0067,1,2021,8,6,DOMINGO,9.483333333333333,AUTOPISTA,['AUTOPISTA 1 SUR PRESIDENTE ARTURO FRONDIZI'],0,1,MOTO-OBJETO FIJO,MOTO,OBJETO FIJO,-58.37910943,-34.62764718
2021-0068,1,2021,8,6,DOMINGO,6.166666666666667,AVENIDA,"['BEIRO, FRANCISCO AV.']",0,11,MOTO-OBJETO FIJO,MOTO,OBJETO FIJO,-58.52161176,-34.61164474
2021-0069,1,2021,8,4,VIERNES,17.25,AVENIDA,['SANTA FE AV.'],0,14,PEATON-AUTO,PEATON,AUTO,-58.41354692,-34.5869768
2021-0070,1,2021,8,5,SÁBADO,8.5,AVENIDA,"['CHILAVERT, MARTINIANO, CORONEL', 'VARELA AV.']",1,8,MOTO-CARGAS,MOTO,CARGAS,-58.43960781,-34.65470804
2021-0071,1,2021,8,1,MARTES,16.0,CALLE,['SAN LUIS'],0,3,PEATON-MOTO,PEATON,MOTO,-58.4045461,-34.60003693
2021-0072,1,2021,9,2,MIÉRCOLES,19.166666666666668,AVENIDA,"['CALLAO AV.', 'PARAGUAY']",1,2,PEATON-AUTO,PEATON,AUTO,-58.39303911,-34.59871111
2021-0073,1,2021,9,5,SÁBADO,12.333333333333334,AVENIDA,"['DEL LIBERTADOR AV.', 'AGOTE, LUIS DR.']",1,2,BICICLETA-AUTO,BICICLETA,AUTO,-58.39391034,-34.58405348
2021-0074,1,2021,9,0,LUNES,15.0,GRAL PAZ,"['PAZ, GRAL. AV.', 'BALBIN, RICARDO, DR. AV.']",1,12,MULTIPLE,MOTO,MULTIPLE,-58.5007381,-34.5497951
2021-0075,1,2021,9,1,MARTES,14.5,CALLE,"['SALTA', 'BRASIL']",1,1,PEATON-CARGAS,PEATON,CARGAS,-58.38281301,-34.62786038
2021-0076,1,2021,10,5,SÁBADO,6.25,AVENIDA,"['MORENO, PERITO AV.']",0,7,MOTO-OBJETO FIJO,MOTO,OBJETO FIJO,-58.43980799,-34.65094083
2021-0077,1,2021,10,0,LUNES,7.333333333333333,AVENIDA,['DIRECTORIO AV.'],0,6,MOTO-CARGAS,MOTO,CARGAS,-58.44402387,-34.62933109
2021-0078,1,2021,10,5,SÁBADO,6.583333333333333,AVENIDA,"['INDEPENDENCIA AV.', 'LA PLATA AV.']",1,6,MOTO-PASAJEROS,MOTO,PASAJEROS,-58.42779702,-34.62207347
2021-0079,1,2021,10,0,LUNES,3.5,CALLE,['TUCUMAN'],0,3,PEATON-AUTO,PEATON,AUTO,-58.40944147,-34.60097942
2021-0080,1,2021,10,3,JUEVES,16.266666666666666,AVENIDA,"['ARENALES', '9 DE JULIO AV.']",1,1,MOTO-AUTO,MOTO,AUTO,-58.38277479,-34.5943016
2021-0081,1,2021,11,1,MARTES,13.583333333333334,AUTOPISTA,['AUTOPISTA 1 SUR PRESIDENTE ARTURO FRONDIZI'],0,4,MOTO-CARGAS,MOTO,CARGAS,-58.37627355,-34.63800916
2021-0082,1,2021,11,5,SÁBADO,4.65,AUTOPISTA,['AUTOPISTA 25 DE MAYO'],0,3,MOTO-AUTO,MOTO,AUTO,-58.39591856,-34.62453459
2021-0083,1,2021,11,1,MARTES,0.5833333333333334,AVENIDA,"['CABILDO AV.', 'OLAZABAL']",1,13,MOTO-AUTO,MOTO,AUTO,-58.45829717,-34.56015762
2021-0084,1,2021,11,3,JUEVES,3.0,AVENIDA,"['TAPALQUE', 'BRUIX AV.']",1,9,AUTO-OBJETO FIJO,AUTO,OBJETO FIJO,-58.49142611,-34.64584795
2021-0085,1,2021,11,5,SÁBADO,18.5,GRAL PAZ,"['PAZ, GRAL. AV.', 'EZEIZA']",1,12,MOTO-OBJETO FIJO,MOTO,OBJETO FIJO,-58.51271409,-34.57786555
2021-0086,1,2021,11,3,JUEVES,10.166666666666666,AVENIDA,"['RIVADAVIA AV.', 'PUAN']",1,6,PEATON-PASAJEROS,PEATON,PASAJEROS,-58.44864864,-34.62352826
2021-0087,1,2021,11,5,SÁBADO,11.366666666666667,CALLE,['ESMERALDA'],0,1,PEATON-BICICLETA,PEATON,BICICLETA,-58.37795815,-34.59167894
2021-0088,1,2021,12,2,MIÉRCOLES,15.666666666666666,CALLE,"['MONROE', '3 DE FEBRERO']",1,13,MOTO-AUTO,MOTO,AUTO,-58.45531707,-34.55555257
2021-0089,1,2021,12,3,JUEVES,1.1666666666666667,AVENIDA,['GAONA AV.'],0,11,MOTO-AUTO,MOTO,AUTO,-58.47633683,-34.62140594
2021-0090,1,2021,12,4,VIERNES,11.75,AVENIDA,"['9 DE JULIO AV.', 'LAVALLE']",1,1,PEATON-PASAJEROS,PEATON,PASAJEROS,-58.38188582,-34.60256036
2021-0091,1,2021,12,5,SÁBADO,23.0,CALLE,"['BAIGORRIA', 'HUGO, VICTOR']",1,10,MOTO-AUTO,MOTO,AUTO,-58.51989389,-34.62284918
2021-0092,1,2021,12,6,DOMINGO,6.333333333333333,AVENIDA,"['RIVADAVIA AV.', 'PUEYRREDON AV.']",1,3,PEATON-AUTO,PEATON,AUTO,-58.4059686,-34.61011987
2021-0093,1,2021,12,0,LUNES,17.166666666666668,AVENIDA,"['RIESTRA AV.', 'MOM']",1,7,MOTO-AUTO,MOTO,AUTO,-58.43353773,-34.64561636
2021-0094,1,2021,12,0,LUNES,1.1666666666666667,AUTOPISTA,"['DELLEPIANE, LUIS, TTE. GRAL.', 'LACARRA AV.']",1,9,MOTO-AUTO,MOTO,AUTO,-58.46739825,-34.65117757
2021-0095,1,2021,12,3,JUEVES,0.7166666666666667,AVENIDA,"['GAONA AV.', 'TERRADA']",1,11,MOTO-CARGAS,MOTO,CARGAS,-58.47293407,-34.61984745
2021-0096,1,2021,12,2,MIÉRCOLES,10.5,AVENIDA,"['PERON, EVA AV.']",0,9,AUTO-CARGAS,AUTO,CARGAS,-58.47066794,-34.65021673
2021-0097,1,2021,11,3,JUEVES,6.166666666666667,CALLE,['PADRE CARLOS MUJICA'],0,1,BICICLETA-AUTO,BICICLETA,AUTO,-58.37976155,-34.58679619
