ID,AÑO,MES_NOM,MES,DIA_SEMANA_NOM,DIA_SEMANA,ROL,VICTIMA,SEXO,EDAD
2016-0001,2016,ENERO,1,VIERNES,4,CONDUCTOR,MOTO,MASCULINO,19
2016-0002,2016,ENERO,1,SÁBADO,5,CONDUCTOR,AUTO,MASCULINO,70
2016-0003,2016,ENERO,1,DOMINGO,6,CONDUCTOR,MOTO,MASCULINO,30
2016-0004,2016,ENERO,1,DOMINGO,6,CONDUCTOR,MOTO,MASCULINO,18
2016-0005,2016,ENERO,1,JUEVES,3,CONDUCTOR,MOTO,MASCULINO,29
2016-0008,2016,ENERO,1,DOMINGO,6,CONDUCTOR,MOTO,MASCULINO,30
2016-0009,2016,ENERO,1,DOMINGO,6,PASAJERO_ACOMPAÑANTE,MOTO,MASCULINO,29
2016-0010,2016,ENERO,1,VIERNES,4,CONDUCTOR,MOTO,MASCULINO,18
2016-0012,2016,FEBRERO,2,LUNES,0,CONDUCTOR,MOTO,MASCULINO,22
2016-0013,2016,FEBRERO,2,MIÉRCOLES,2,PEATON,PEATON,MASCULINO,16
2016-0015,2016,FEBRERO,2,DOMINGO,6,PEATON,PEATON,FEMENINO,16
2016-0016,2016,FEBRERO,2,DOMINGO,6,PASAJERO_ACOMPAÑANTE,MOTO,FEMENINO,19
2016-0017,2016,FEBRERO,2,LUNES,0,PEATON,PEATON,MASCULINO,59
2016-0019,2016,FEBRERO,2,MIÉRCOLES,2,PEATON,PEATON,FEMENINO,65
2016-0020,2016,FEBRERO,2,MIÉRCOLES,2,PEATON,PEATON,MASCULINO,59
2016-0021,2016,FEBRERO,2,MIÉRCOLES,2,CONDUCTOR,AUTO,MASCULINO,34
2016-0022,2016,FEBRERO,2,DOMINGO,6,PASAJERO_ACOMPAÑANTE,MOTO,MASCULINO,41
2016-0025,2016,FEBRERO,2,DOMINGO,6,PASAJERO_ACOMPAÑANTE,AUTO,MASCULINO,34
2016-0026,2016,FEBRERO,2,DOMINGO,6,CONDUCTOR,AUTO,MASCULINO,30
2016-0027,2016,FEBRERO,2,DOMINGO,6,PASAJERO_ACOMPAÑANTE,AUTO,MASCULINO,34
2016-0028,2016,MARZO,3,MIÉRCOLES,2,PEATON,PEATON,MASCULINO,50
2016-0029,2016,MARZO,3,VIERNES,4,PEATON,PEATON,MASCULINO,38
2016-0031,2016,MARZO,3,MARTES,1,CONDUCTOR,MOTO,MASCULINO,21
2016-0034,2016,MARZO,3,SÁBADO,5,PEATON,PEATON,MASCULINO,52
2016-0035,2016,MARZO,3,DOMINGO,6,CONDUCTOR,MOTO,MASCULINO,34
2016-0036,2016,MARZO,3,LUNES,0,PASAJERO_ACOMPAÑANTE,MOTO,MASCULINO,36
2016-0037,2016,MARZO,3,SÁBADO,5,CONDUCTOR,MOTO,MASCULINO,20
2016-0038,2016,MARZO,3,LUNES,0,PEATON,PEATON,MASCULINO,29
2016-0039,2016,MARZO,3,MIÉRCOLES,2,CONDUCTOR,MOTO,MASCULINO,20
2016-0041,2016,MARZO,3,MARTES,1,CONDUCTOR,MOTO,MASCULINO,54
2016-0041,2016,MARZO,3,MARTES,1,PASAJERO_ACOMPAÑANTE,MOTO,MASCULINO,30
2016-0043,2016,MARZO,3,MIÉRCOLES,2,PEATON,PEATON,FEMENINO,56
2016-0044,2016,MARZO,3,JUEVES,3,CONDUCTOR,MOTO,MASCULINO,24
2016-0045,2016,ABRIL,4,LUNES,0,CONDUCTOR,MOTO,MASCULINO,30
2016-0047,2016,ABRIL,4,VIERNES,4,PEATON,PEATON,MASCULINO,41
2016-0048,2016,ABRIL,4,VIERNES,4,PEATON,PEATON,FEMENINO,30
2016-0050,2016,ABRIL,4,MARTES,1,PEATON,PEATON,MASCULINO,78
2016-0051,2016,ABRIL,4,MIÉRCOLES,2,CONDUCTOR,MOTO,MASCULINO,36
2016-0052,2016,ABRIL,4,MIÉRCOLES,2,SD,MOTO,SD,30
2016-0053,2016,ABRIL,4,VIERNES,4,PEATON,PEATON,MASCULINO,38
2016-0054,2016,ABRIL,4,SÁBADO,5,CONDUCTOR,MOTO,MASCULINO,30
2016-0055,2016,ABRIL,4,LUNES,0,PEATON,PEATON,MASCULINO,79
2016-0056,2016,ABRIL,4,MARTES,1,CONDUCTOR,MOTO,MASCULINO,26
2016-0058,2016,MAYO,5,MIÉRCOLES,2,PEATON,PEATON,FEMENINO,57
2016-0059,2016,MAYO,5,DOMINGO,6,PEATON,PEATON,MASCULINO,37
2016-0064,2016,MAYO,5,SÁBADO,5,PEATON,PEATON,MASCULINO,20
2016-0065,2016,MAYO,5,VIERNES,4,PEATON,PEATON,MASCULINO,20
2016-0067,2016,MAYO,5,SÁBADO,5,PASAJERO_ACOMPAÑANTE,MOTO,FEMENINO,30
2016-0068,2016,MAYO,5,DOMINGO,6,CONDUCTOR,MOTO,MASCULINO,58
2016-0069,2016,MAYO,5,LUNES,0,CONDUCTOR,AUTO,MASCULINO,30
2016-0073,2016,JUNIO,6,SÁBADO,5,CONDUCTOR,MOTO,MASCULINO,23
2016-0074,2016,JUNIO,6,DOMINGO,6,CONDUCTOR,AUTO,MASCULINO,60
2016-0075,2016,JUNIO,6,DOMINGO,6,PEATON,PEATON,MASCULINO,42
2016-0076,2016,JUNIO,6,LUNES,0,PEATON,PEATON,FEMENINO,53
2016-0077,2016,JUNIO,6,LUNES,0,PEATON,PEATON,FEMENINO,30
2016-0078,2016,JUNIO,6,LUNES,0,CONDUCTOR,MOTO,MASCULINO,30
2016-0079,2016,JUNIO,6,JUEVES,3,CONDUCTOR,AUTO,FEMENINO,51
2016-0080,2016,JUNIO,6,SÁBADO,5,CONDUCTOR,AUTO,MASCULINO,60
2016-0081,2016,JUNIO,6,MIÉRCOLES,2,CONDUCTOR,MOTO,MASCULINO,40
2016-0082,2016,JUNIO,6,LUNES,0,PEATON,PEATON,MASCULINO,87
2016-0083,2016,JUNIO,6,MARTES,1,PEATON,PEATON,FEMENINO,76
2016-0084,2016,JUNIO,6,MIÉRCOLES,2,PEATON,PEATON,MASCULINO,57
2016-0085,2016,JUNIO,6,MIÉRCOLES,2,SD,MOTO,MASCULINO,30
2016-0086,2016,JUNIO,6,JUEVES,3,PEATON,PEATON,MASCULINO,75
2016-0087,2016,JULIO,7,DOMINGO,6,CONDUCTOR,MOTO,MASCULINO,23
2016-0088,2016,JULIO,7,LUNES,0,PEATON,PEATON,FEMENINO,70
2016-0089,2016,JULIO,7,JUEVES,3,PEATON,PEATON,MASCULINO,35
2016-0090,2016,JULIO,7,JUEVES,3,PEATON,PEATON,MASCULINO,60
2016-0092,2016,JULIO,7,VIERNES,4,CONDUCTOR,MOTO,MASCULINO,24
2016-0093,2016,JULIO,7,DOMINGO,6,CONDUCTOR,AUTO,MASCULINO,35
2016-0095,2016,JULIO,7,SÁBADO,5,CONDUCTOR,MOTO,MASCULINO,29
2016-0096,2016,JULIO,7,LUNES,0,CONDUCTOR,MOTO,MASCULINO,30
2016-0097,2016,JULIO,7,MARTES,1,PEATON,PEATON,MASCULINO,80
2016-0098,2016,JULIO,7,MIÉRCOLES,2,CONDUCTOR,MOTO,FEMENINO,43
2016-0099,2016,JULIO,7,VIERNES,4,CONDUCTOR,CARGAS,MASCULINO,45
2016-0100,2016,AGOSTO,8,MIÉRCOLES,2,CONDUCTOR,MOTO,MASCULINO,57
2016-0101,2016,AGOSTO,8,DOMINGO,6,SD,SD,MASCULINO,67
2016-0102,2016,AGOSTO,8,MIÉRCOLES,2,CONDUCTOR,MOTO,MASCULINO,29
2016-0104,2016,AGOSTO,8,DOMINGO,6,CONDUCTOR,MOTO,MASCULINO,21
2016-0105,2016,AGOSTO,8,MIÉRCOLES,2,PEATON,PEATON,MASCULINO,19
2016-0106,2016,AGOSTO,8,VIERNES,4,PEATON,PEATON,MASCULINO,38
2016-0107,2016,AGOSTO,8,SÁBADO,5,CONDUCTOR,MOTO,MASCULINO,21
2016-0109,2016,AGOSTO,8,MIÉRCOLES,2,CONDUCTOR,AUTO,FEMENINO,53
2016-0110,2016,AGOSTO,8,MIÉRCOLES,2,PEATON,PEATON,MASCULINO,57
2016-0111,2016,AGOSTO,8,JUEVES,3,CONDUCTOR,MOTO,MASCULINO,27
2016-0112,2016,AGOSTO,8,SÁBADO,5,CONDUCTOR,MOTO,MASCULINO,24
2016-0113,2016,AGOSTO,8,SÁBADO,5,PEATON,PEATON,FEMENINO,60
2016-0114,2016,AGOSTO,8,MIÉRCOLES,2,CICLISTA,BICICLETA,FEMENINO,55
2016-0115,2016,SEPTIEMBRE,9,VIERNES,4,SD,SD,MASCULINO,30
2016-0116,2016,SEPTIEMBRE,9,VIERNES,4,CONDUCTOR,MOTO,MASCULINO,30
2016-0117,2016,SEPTIEMBRE,9,SÁBADO,5,CONDUCTOR,AUTO,MASCULINO,43
2016-0118,2016,SEPTIEMBRE,9,DOMINGO,6,CONDUCTOR,AUTO,MASCULINO,27
2016-0119,2016,SEPTIEMBRE,9,DOMINGO,6,PASAJERO_ACOMPAÑANTE,SD,FEMENINO,30
2016-0122,2016,SEPTIEMBRE,9,MARTES,1,CICLISTA,BICICLETA,MASCULINO,49
2016-0123,2016,SEPTIEMBRE,9,MIÉRCOLES,2,CONDUCTOR,MOTO,FEMENINO,58
2016-0124,2016,SEPTIEMBRE,9,VIERNES,4,PEATON,PEATON,MASCULINO,67
2016-0125,2016,SEPTIEMBRE,9,SÁBADO,5,CONDUCTOR,MOTO,MASCULINO,30
2016-0126,2016,SEPTIEMBRE,9,DOMINGO,6,CONDUCTOR,AUTO,MASCULINO,37
2016-0126,2016,SEPTIEMBRE,9,DOMINGO,6,PASAJERO_ACOMPAÑANTE,AUTO,MASCULINO,60
2016-0127,2016,SEPTIEMBRE,9,SÁBADO,5,PEATON,PEATON,MASCULINO,50
2016-0128,2016,OCTUBRE,10,DOMINGO,6,PEATON,PEATON,FEMENINO,81
2016-0130,2016,OCTUBRE,10,MARTES,1,CONDUCTOR,MOTO,MASCULINO,29
2016-0131,2016,OCTUBRE,10,DOMINGO,6,PEATON,PEATON,MASCULINO,35
2016-0132,2016,OCTUBRE,10,LUNES,0,PASAJERO_ACOMPAÑANTE,AUTO,MASCULINO,30
2016-0133,2016,OCTUBRE,10,VIERNES,4,CONDUCTOR,MOTO,MASCULINO,41
2016-0134,2016,OCTUBRE,10,DOMINGO,6,CONDUCTOR,MOTO,MASCULINO,25
2016-0135,2016,OCTUBRE,10,LUNES,0,PEATON,PEATON,MASCULINO,29
2016-0136,2016,OCTUBRE,10,MARTES,1,CONDUCTOR,MOTO,SD,30
2016-0137,2016,OCTUBRE,10,MARTES,1,CONDUCTOR,MOTO,MASCULINO,30
2016-0138,2016,OCTUBRE,10,JUEVES,3,CICLISTA,BICICLETA,FEMENINO,33
2016-0139,2016,OCTUBRE,10,VIERNES,4,PASAJERO_ACOMPAÑANTE,MOTO,FEMENINO,35
2016-0140,2016,OCTUBRE,10,LUNES,0,PASAJERO_ACOMPAÑANTE,PASAJEROS,MASCULINO,20
2016-0142,2016,NOVIEMBRE,11,SÁBADO,5,CONDUCTOR,MOTO,MASCULINO,46
2016-0143,2016,NOVIEMBRE,11,DOMINGO,6,CONDUCTOR,MOTO,MASCULINO,35
2016-0144,2016,NOVIEMBRE,11,LUNES,0,PEATON,PEATON,MASCULINO,83
2016-0145,2016,NOVIEMBRE,11,LUNES,0,CONDUCTOR,MOTO,MASCULINO,39
2016-0146,2016,NOVIEMBRE,11,MIÉRCOLES,2,PEATON,PEATON,FEMENINO,29
2016-0147,2016,NOVIEMBRE,11,MIÉRCOLES,2,PASAJERO_ACOMPAÑANTE,MOVIL,MASCULINO,55
2016-0148,2016,NOVIEMBRE,11,MIÉRCOLES,2,CONDUCTOR,MOTO,MASCULINO,30
2016-0150,2016,NOVIEMBRE,11,VIERNES,4,PASAJERO_ACOMPAÑANTE,CARGAS,MASCULINO,41
2016-0151,2016,NOVIEMBRE,11,VIERNES,4,PEATON,PEATON,SD,30
2016-0152,2016,NOVIEMBRE,11,MIÉRCOLES,2,CONDUCTOR,MOTO,MASCULINO,42
2016-0153,2016,NOVIEMBRE,11,VIERNES,4,PEATON,PEATON,FEMENINO,83
2016-0154,2016,NOVIEMBRE,11,SÁBADO,5,CONDUCTOR,MOTO,MASCULINO,38
2016-0155,2016,NOVIEMBRE,11,SÁBADO,5,PEATON,PEATON,FEMENINO,29
2016-0156,2016,NOVIEMBRE,11,SÁBADO,5,CONDUCTOR,MOTO,MASCULINO,23
2016-0157,2016,DICIEMBRE,12,SÁBADO,5,CONDUCTOR,MOTO,MASCULINO,23
2016-0159,2016,DICIEMBRE,12,DOMINGO,6,CONDUCTOR,AUTO,MASCULINO,23
2016-0160,2016,DICIEMBRE,12,MARTES,1,CONDUCTOR,CARGAS,MASCULINO,29
2016-0161,2016,DICIEMBRE,12,MARTES,1,PEATON,PEATON,MASCULINO,50
2016-0162,2016,DICIEMBRE,12,MIÉRCOLES,2,PEATON,PEATON,MASCULINO,38
2016-0163,2016,DICIEMBRE,12,SÁBADO,5,CONDUCTOR,MOTO,MASCULINO,23
2016-0164,2016,DICIEMBRE,12,DOMINGO,6,CONDUCTOR,AUTO,MASCULINO,29
2016-0165,2016,DICIEMBRE,12,LUNES,0,CICLISTA,BICICLETA,MASCULINO,37
2016-0168,2016,DICIEMBRE,12,MARTES,1,CONDUCTOR,MOTO,MASCULINO,43
2016-0169,2016,DICIEMBRE,12,JUEVES,3,CONDUCTOR,MOTO,MASCULINO,24
2016-0170,2016,DICIEMBRE,12,LUNES,0,PASAJERO_ACOMPAÑANTE,MOTO,MASCULINO,21
2016-0171,2016,DICIEMBRE,12,DOMINGO,6,CONDUCTOR,MOTO,SD,30
2016-0172,2016,DICIEMBRE,12,LUNES,0,CONDUCTOR,MOTO,MASCULINO,38
2016-0173,2016,DICIEMBRE,12,LUNES,0,CONDUCTOR,MOTO,MASCULINO,35
2016-0175,2016,DICIEMBRE,12,MARTES,1,PEATON,PEATON,FEMENINO,30
2016-0176,2016,DICIEMBRE,12,MIÉRCOLES,2,CONDUCTOR,MOTO,MASCULINO,28
2016-0177,2016,DICIEMBRE,12,JUEVES,3,PEATON,PEATON,FEMENINO,27
2016-0178,2016,DICIEMBRE,12,VIERNES,4,PEATON,PEATON,FEMENINO,7
2017-0001,2017,ENERO,1,LUNES,0,CONDUCTOR,MOTO,MASCULINO,18
2017-0003,2017,ENERO,1,JUEVES,3,PASAJERO_ACOMPAÑANTE,CARGAS,MASCULINO,33
2017-0007,2017,ENERO,1,MIÉRCOLES,2,PEATON,PEATON,MASCULINO,48
2017-0008,2017,ENERO,1,LUNES,0,CONDUCTOR,MOTO,MASCULINO,29
2017-0009,2017,ENERO,1,LUNES,0,CONDUCTOR,MOTO,MASCULINO,36
2017-0010,2017,ENERO,1,LUNES,0,CONDUCTOR,MOTO,MASCULINO,23
2017-0011,2017,ENERO,1,DOMINGO,6,PASAJERO_ACOMPAÑANTE,MOTO,FEMENINO,29
2017-0012,2017,ENERO,1,MARTES,1,CONDUCTOR,MOTO,MASCULINO,30
2017-0013,2017,ENERO,1,VIERNES,4,PEATON,PEATON,MASCULINO,4
2017-0014,2017,ENERO,1,SÁBADO,5,PASAJERO_ACOMPAÑANTE,MOTO,FEMENINO,22
2017-0015,2017,FEBRERO,2,JUEVES,3,PEATON,PEATON,MASCULINO,82
2017-0016,2017,FEBRERO,2,VIERNES,4,CONDUCTOR,MOTO,MASCULINO,27
2017-0017,2017,FEBRERO,2,LUNES,0,CONDUCTOR,MOTO,MASCULINO,32
2017-0018,2017,FEBRERO,2,JUEVES,3,CONDUCTOR,MOTO,MASCULINO,30
2017-0021,2017,FEBRERO,2,SÁBADO,5,CONDUCTOR,MOTO,MASCULINO,43
2017-0024,2017,FEBRERO,2,JUEVES,3,PEATON,PEATON,MASCULINO,39
2017-0025,2017,FEBRERO,2,VIERNES,4,CONDUCTOR,MOTO,MASCULINO,23
2017-0026,2017,FEBRERO,2,DOMINGO,6,PASAJERO_ACOMPAÑANTE,AUTO,FEMENINO,23
2017-0026,2017,FEBRERO,2,DOMINGO,6,CONDUCTOR,AUTO,MASCULINO,19
2017-0027,2017,FEBRERO,2,DOMINGO,6,PEATON,PEATON,MASCULINO,30
2017-0028,2017,FEBRERO,2,MARTES,1,PEATON,PEATON,MASCULINO,87
2017-0029,2017,MARZO,3,MARTES,1,SD,SD,MASCULINO,34
2017-0030,2017,MARZO,3,MARTES,1,CONDUCTOR,AUTO,FEMENINO,27
2017-0031,2017,MARZO,3,SÁBADO,5,PASAJERO_ACOMPAÑANTE,AUTO,MASCULINO,70
2017-0032,2017,MARZO,3,DOMINGO,6,PASAJERO_ACOMPAÑANTE,AUTO,FEMENINO,40
2017-0033,2017,MARZO,3,DOMINGO,6,CONDUCTOR,AUTO,MASCULINO,28
2017-0034,2017,MARZO,3,LUNES,0,PEATON,PEATON,MASCULINO,43
2017-0035,2017,MARZO,3,JUEVES,3,CONDUCTOR,AUTO,MASCULINO,28
2017-0035,2017,MARZO,3,JUEVES,3,PASAJERO_ACOMPAÑANTE,AUTO,MASCULINO,32
2017-0035,2017,MARZO,3,JUEVES,3,PASAJERO_ACOMPAÑANTE,AUTO,MASCULINO,30
2017-0036,2017,MARZO,3,MIÉRCOLES,2,PASAJERO_ACOMPAÑANTE,MOTO,FEMENINO,30
2017-0036,2017,MARZO,3,MIÉRCOLES,2,CONDUCTOR,MOTO,MASCULINO,20
2017-0037,2017,MARZO,3,VIERNES,4,CONDUCTOR,MOTO,MASCULINO,41
2017-0038,2017,ABRIL,4,SÁBADO,5,CONDUCTOR,MOTO,FEMENINO,40
2017-0040,2017,ABRIL,4,LUNES,0,CONDUCTOR,AUTO,MASCULINO,43
2017-0041,2017,ABRIL,4,LUNES,0,CONDUCTOR,MOTO,MASCULINO,17
2017-0042,2017,ABRIL,4,LUNES,0,CONDUCTOR,MOTO,MASCULINO,30
2017-0045,2017,ABRIL,4,VIERNES,4,CONDUCTOR,MOTO,MASCULINO,21
2017-0047,2017,ABRIL,4,DOMINGO,6,CONDUCTOR,MOTO,MASCULINO,37
2017-0049,2017,ABRIL,4,JUEVES,3,PEATON,PEATON,MASCULINO,22
2017-0050,2017,ABRIL,4,VIERNES,4,CONDUCTOR,MOTO,MASCULINO,46
2017-0050,2017,ABRIL,4,VIERNES,4,PASAJERO_ACOMPAÑANTE,MOTO,MASCULINO,16
2017-0051,2017,MAYO,5,LUNES,0,CONDUCTOR,AUTO,MASCULINO,33
2017-0052,2017,MAYO,5,VIERNES,4,PEATON,PEATON,FEMENINO,47
2017-0053,2017,MAYO,5,VIERNES,4,CONDUCTOR,MOTO,MASCULINO,28
2017-0054,2017,MAYO,5,DOMINGO,6,PASAJERO_ACOMPAÑANTE,MOTO,FEMENINO,20
2017-0055,2017,MAYO,5,MARTES,1,CONDUCTOR,AUTO,MASCULINO,32
2017-0058,2017,MAYO,5,MARTES,1,PEATON,PEATON,MASCULINO,80
2017-0059,2017,MAYO,5,JUEVES,3,PEATON,PEATON,FEMENINO,39
2017-0060,2017,MAYO,5,SÁBADO,5,PASAJERO_ACOMPAÑANTE,MOTO,MASCULINO,30
2017-0061,2017,MAYO,5,LUNES,0,PEATON,PEATON,MASCULINO,47
2017-0062,2017,MAYO,5,LUNES,0,CONDUCTOR,MOTO,MASCULINO,35
2017-0063,2017,MAYO,5,MIÉRCOLES,2,PEATON,PEATON,FEMENINO,79
2017-0064,2017,MAYO,5,SÁBADO,5,PASAJERO_ACOMPAÑANTE,CARGAS,MASCULINO,61
2017-0065,2017,MAYO,5,LUNES,0,CICLISTA,BICICLETA,MASCULINO,21
2017-0066,2017,MAYO,5,LUNES,0,PEATON,PEATON,MASCULINO,10
2017-0067,2017,MAYO,5,MARTES,1,CONDUCTOR,MOTO,MASCULINO,21
2017-0068,2017,MAYO,5,SÁBADO,5,CONDUCTOR,MOTO,MASCULINO,32
2017-0069,2017,MAYO,5,LUNES,0,CONDUCTOR,MOTO,MASCULINO,39
2017-0070,2017,MAYO,5,MARTES,1,PEATON,PEATON,MASCULINO,80
2017-0072,2017,JUNIO,6,SÁBADO,5,CONDUCTOR,AUTO,MASCULINO,25
2017-0073,2017,JUNIO,6,DOMINGO,6,CONDUCTOR,MOTO,MASCULINO,19
2017-0074,2017,JUNIO,6,DOMINGO,6,SD,SD,MASCULINO,70
2017-0075,2017,JUNIO,6,LUNES,0,PEATON,PEATON,MASCULINO,55
2017-0076,2017,JUNIO,6,MARTES,1,PEATON,PEATON,FEMENINO,30
2017-0077,2017,JUNIO,6,SÁBADO,5,CONDUCTOR,MOTO,FEMENINO,60
2017-0079,2017,JUNIO,6,LUNES,0,CONDUCTOR,MOTO,MASCULINO,33
2017-0080,2017,JUNIO,6,JUEVES,3,PEATON,PEATON,FEMENINO,95
2017-0082,2017,JUNIO,6,DOMINGO,6,PEATON,PEATON,MASCULINO,36
2017-0083,2017,JULIO,7,MARTES,1,CONDUCTOR,MOTO,MASCULINO,37
2017-0084,2017,JULIO,7,MIÉRCOLES,2,PEATON,PEATON,FEMENINO,73
2017-0085,2017,JULIO,7,VIERNES,4,PEATON,PEATON,MASCULINO,84
2017-0086,2017,JULIO,7,DOMINGO,6,PEATON,PEATON,FEMENINO,30
2017-0087,2017,JULIO,7,LUNES,0,PEATON,PEATON,FEMENINO,73
2017-0088,2017,JULIO,7,LUNES,0,PEATON,PEATON,MASCULINO,43
2017-0089,2017,JULIO,7,JUEVES,3,SD,SD,MASCULINO,23
2017-0090,2017,JULIO,7,SÁBADO,5,PEATON,PEATON,MASCULINO,22
2017-0091,2017,JULIO,7,SÁBADO,5,CONDUCTOR,MOTO,MASCULINO,58
2017-0092,2017,JULIO,7,LUNES,0,PEATON,PEATON,MASCULINO,66
2017-0093,2017,JULIO,7,MARTES,1,PEATON,PEATON,MASCULINO,30
2017-0094,2017,JULIO,7,JUEVES,3,CICLISTA,BICICLETA,FEMENINO,56
2017-0095,2017,AGOSTO,8,DOMINGO,6,CONDUCTOR,MOTO,MASCULINO,36
2017-0096,2017,AGOSTO,8,LUNES,0,PEATON,PEATON,MASCULINO,87
2017-0098,2017,AGOSTO,8,MARTES,1,PEATON,PEATON,FEMENINO,61
2017-0099,2017,AGOSTO,8,JUEVES,3,CICLISTA,BICICLETA,MASCULINO,28
2017-0100,2017,AGOSTO,8,LUNES,0,PASAJERO_ACOMPAÑANTE,MOTO,FEMENINO,16
2017-0101,2017,AGOSTO,8,MIÉRCOLES,2,PEATON,PEATON,FEMENINO,61
2017-0102,2017,AGOSTO,8,JUEVES,3,PEATON,PEATON,MASCULINO,46
2017-0104,2017,AGOSTO,8,VIERNES,4,PEATON,PEATON,FEMENINO,18
2017-0106,2017,AGOSTO,8,JUEVES,3,PEATON,PEATON,FEMENINO,85
2017-0107,2017,SEPTIEMBRE,9,VIERNES,4,CONDUCTOR,MOTO,MASCULINO,41
2017-0108,2017,SEPTIEMBRE,9,SÁBADO,5,PASAJERO_ACOMPAÑANTE,AUTO,MASCULINO,17
2017-0108,2017,SEPTIEMBRE,9,SÁBADO,5,PASAJERO_ACOMPAÑANTE,AUTO,MASCULINO,10
2017-0109,2017,SEPTIEMBRE,9,LUNES,0,CONDUCTOR,MOTO,MASCULINO,21
2017-0110,2017,SEPTIEMBRE,9,MIÉRCOLES,2,PEATON,PEATON,MASCULINO,56
2017-0111,2017,SEPTIEMBRE,9,JUEVES,3,PEATON,PEATON,FEMENINO,79
2017-0112,2017,SEPTIEMBRE,9,DOMINGO,6,PASAJERO_ACOMPAÑANTE,AUTO,MASCULINO,1
2017-0112,2017,SEPTIEMBRE,9,DOMINGO,6,PASAJERO_ACOMPAÑANTE,AUTO,MASCULINO,30
2017-0113,2017,SEPTIEMBRE,9,LUNES,0,PEATON,PEATON,FEMENINO,76
2017-0114,2017,SEPTIEMBRE,9,VIERNES,4,CONDUCTOR,AUTO,MASCULINO,26
2017-0115,2017,SEPTIEMBRE,9,MARTES,1,CONDUCTOR,MOTO,MASCULINO,34
2017-0116,2017,SEPTIEMBRE,9,MIÉRCOLES,2,CONDUCTOR,MOTO,MASCULINO,22
2017-0118,2017,SEPTIEMBRE,9,VIERNES,4,PASAJERO_ACOMPAÑANTE,MOTO,FEMENINO,26
2017-0120,2017,OCTUBRE,10,LUNES,0,CONDUCTOR,MOTO,MASCULINO,20
2017-0123,2017,OCTUBRE,10,MARTES,1,PEATON,PEATON,FEMENINO,36
2017-0124,2017,OCTUBRE,10,JUEVES,3,CONDUCTOR,MOTO,MASCULINO,51
2017-0125,2017,OCTUBRE,10,VIERNES,4,CONDUCTOR,MOTO,MASCULINO,29
2017-0126,2017,OCTUBRE,10,SÁBADO,5,PASAJERO_ACOMPAÑANTE,AUTO,MASCULINO,39
2017-0126,2017,OCTUBRE,10,SÁBADO,5,CONDUCTOR,AUTO,MASCULINO,36
2017-0127,2017,OCTUBRE,10,LUNES,0,PASAJERO_ACOMPAÑANTE,MOTO,MASCULINO,24
2017-0128,2017,OCTUBRE,10,MARTES,1,PEATON,PEATON,FEMENINO,60
2017-0129,2017,OCTUBRE,10,JUEVES,3,CONDUCTOR,MOTO,MASCULINO,57
2017-0130,2017,OCTUBRE,10,VIERNES,4,CONDUCTOR,AUTO,MASCULINO,23
2017-0132,2017,OCTUBRE,10,LUNES,0,CONDUCTOR,MOTO,MASCULINO,23
2017-0134,2017,NOVIEMBRE,11,LUNES,0,PEATON,PEATON,FEMENINO,47
2017-0135,2017,NOVIEMBRE,11,MARTES,1,CONDUCTOR,MOTO,MASCULINO,24
2017-0136,2017,NOVIEMBRE,11,JUEVES,3,PEATON,PEATON,MASCULINO,55
2017-0137,2017,NOVIEMBRE,11,VIERNES,4,PEATON,PEATON,FEMENINO,60
2017-0138,2017,NOVIEMBRE,11,DOMINGO,6,PASAJERO_ACOMPAÑANTE,MOTO,MASCULINO,25
2017-0139,2017,NOVIEMBRE,11,DOMINGO,6,PASAJERO_ACOMPAÑANTE,AUTO,FEMENINO,15
2017-0140,2017,NOVIEMBRE,11,DOMINGO,6,CONDUCTOR,MOTO,MASCULINO,24
2017-0141,2017,NOVIEMBRE,11,JUEVES,3,PEATON,PEATON,FEMENINO,22
2017-0143,2017,NOVIEMBRE,11,SÁBADO,5,CONDUCTOR,AUTO,MASCULINO,50
2017-0144,2017,NOVIEMBRE,11,DOMINGO,6,PASAJERO_ACOMPAÑANTE,AUTO,FEMENINO,50
2017-0145,2017,NOVIEMBRE,11,DOMINGO,6,CONDUCTOR,MOTO,MASCULINO,58
2017-0147,2017,NOVIEMBRE,11,MARTES,1,CONDUCTOR,MOTO,MASCULINO,49
2017-0148,2017,NOVIEMBRE,11,MIÉRCOLES,2,PEATON,PEATON,FEMENINO,82
2017-0149,2017,NOVIEMBRE,11,JUEVES,3,PEATON,PEATON,MASCULINO,13
2017-0150,2017,DICIEMBRE,12,LUNES,0,PEATON,PEATON,MASCULINO,56
2017-0151,2017,DICIEMBRE,12,LUNES,0,PEATON,PEATON,MASCULINO,30
2017-0152,2017,DICIEMBRE,12,MIÉRCOLES,2,CICLISTA,BICICLETA,MASCULINO,19
2017-0153,2017,DICIEMBRE,12,LUNES,0,PASAJERO_ACOMPAÑANTE,MOTO,MASCULINO,30
2017-0153,2017,DICIEMBRE,12,LUNES,0,CONDUCTOR,MOTO,MASCULINO,30
2017-0154,2017,DICIEMBRE,12,LUNES,0,PEATON,PEATON,MASCULINO,76
2017-0155,2017,DICIEMBRE,12,MARTES,1,SD,SD,MASCULINO,77
2017-0157,2017,DICIEMBRE,12,DOMINGO,6,CONDUCTOR,AUTO,MASCULINO,53
2017-0158,2017,DICIEMBRE,12,LUNES,0,CONDUCTOR,MOTO,MASCULINO,32
2017-0159,2017,DICIEMBRE,12,MIÉRCOLES,2,CONDUCTOR,MOTO,MASCULINO,27
2017-0160,2017,DICIEMBRE,12,VIERNES,4,PEATON,PEATON,FEMENINO,30
2017-0161,2017,DICIEMBRE,12,MARTES,1,PEATON,PEATON,FEMENINO,30
2018-0001,2018,ENERO,1,LUNES,0,PEATON,PEATON,MASCULINO,83
2018-0002,2018,ENERO,1,MIÉRCOLES,2,CICLISTA,BICICLETA,FEMENINO,26
2018-0003,2018,ENERO,1,VIERNES,4,PEATON,PEATON,FEMENINO,58
2018-0004,2018,ENERO,1,MARTES,1,CONDUCTOR,MOTO,MASCULINO,39
2018-0005,2018,ENERO,1,MARTES,1,PEATON,PEATON,MASCULINO,54
2018-0006,2018,ENERO,1,MIÉRCOLES,2,CICLISTA,BICICLETA,FEMENINO,45
2018-0007,2018,ENERO,1,JUEVES,3,CONDUCTOR,AUTO,MASCULINO,46
2018-0008,2018,ENERO,1,VIERNES,4,CONDUCTOR,MOTO,FEMENINO,32
2018-0009,2018,ENERO,1,DOMINGO,6,CONDUCTOR,MOTO,MASCULINO,19
2018-0010,2018,ENERO,1,JUEVES,3,CONDUCTOR,MOTO,MASCULINO,40
2018-0011,2018,ENERO,1,VIERNES,4,PEATON,PEATON,MASCULINO,84
2018-0012,2018,ENERO,1,VIERNES,4,CONDUCTOR,MOTO,MASCULINO,20
2018-0013,2018,ENERO,1,DOMINGO,6,CONDUCTOR,MOTO,MASCULINO,44
2018-0014,2018,ENERO,1,MIÉRCOLES,2,PEATON,PEATON,MASCULINO,30
2018-0015,2018,FEBRERO,2,MARTES,1,CONDUCTOR,MOTO,MASCULINO,28
2018-0015,2018,FEBRERO,2,MARTES,1,PASAJERO_ACOMPAÑANTE,MOTO,MASCULINO,19
2018-0016,2018,FEBRERO,2,JUEVES,3,CONDUCTOR,MOTO,MASCULINO,31
2018-0017,2018,FEBRERO,2,SÁBADO,5,PEATON,PEATON,MASCULINO,35
2018-0018,2018,FEBRERO,2,SÁBADO,5,CONDUCTOR,MOTO,MASCULINO,26
2018-0019,2018,FEBRERO,2,SÁBADO,5,PEATON,PEATON,FEMENINO,80
2018-0020,2018,FEBRERO,2,LUNES,0,CONDUCTOR,MOTO,MASCULINO,26
2018-0021,2018,FEBRERO,2,JUEVES,3,PEATON,PEATON,FEMENINO,62
2018-0022,2018,FEBRERO,2,SÁBADO,5,CONDUCTOR,MOTO,MASCULINO,28
2018-0023,2018,FEBRERO,2,SÁBADO,5,CONDUCTOR,MOTO,MASCULINO,28
2018-0024,2018,FEBRERO,2,MIÉRCOLES,2,PEATON,PEATON,MASCULINO,70
2018-0025,2018,MARZO,3,DOMINGO,6,PEATON,PEATON,MASCULINO,70
2018-0026,2018,MARZO,3,VIERNES,4,CONDUCTOR,MOVIL,MASCULINO,24
2018-0026,2018,MARZO,3,VIERNES,4,PASAJERO_ACOMPAÑANTE,MOVIL,MASCULINO,30
2018-0027,2018,MARZO,3,DOMINGO,6,PEATON,PEATON,FEMENINO,74
2018-0028,2018,MARZO,3,MARTES,1,PEATON,PEATON,MASCULINO,71
2018-0029,2018,MARZO,3,JUEVES,3,CONDUCTOR,MOTO,MASCULINO,26
2018-0030,2018,MARZO,3,MARTES,1,CONDUCTOR,MOTO,MASCULINO,24
2018-0031,2018,MARZO,3,MIÉRCOLES,2,CONDUCTOR,MOTO,MASCULINO,31
2018-0032,2018,ABRIL,4,LUNES,0,PEATON,PEATON,MASCULINO,70
2018-0033,2018,ABRIL,4,SÁBADO,5,CONDUCTOR,MOTO,FEMENINO,42
2018-0034,2018,ABRIL,4,MIÉRCOLES,2,PEATON,PEATON,MASCULINO,24
2018-0035,2018,ABRIL,4,JUEVES,3,PEATON,PEATON,FEMENINO,39
2018-0036,2018,ABRIL,4,VIERNES,4,CONDUCTOR,MOTO,MASCULINO,37
2018-0037,2018,ABRIL,4,MIÉRCOLES,2,PEATON,PEATON,MASCULINO,84
2018-0038,2018,ABRIL,4,VIERNES,4,PEATON,PEATON,FEMENINO,59
2018-0038,2018,ABRIL,4,VIERNES,4,PEATON,PEATON,MASCULINO,61
2018-0039,2018,ABRIL,4,SÁBADO,5,PEATON,PEATON,MASCULINO,37
2018-0040,2018,ABRIL,4,VIERNES,4,PEATON,PEATON,FEMENINO,30
2018-0041,2018,ABRIL,4,VIERNES,4,PEATON,PEATON,FEMENINO,78
2018-0042,2018,ABRIL,4,VIERNES,4,PASAJERO_ACOMPAÑANTE,MOTO,MASCULINO,23
2018-0043,2018,ABRIL,4,SÁBADO,5,CONDUCTOR,MOTO,MASCULINO,25
2018-0044,2018,ABRIL,4,SÁBADO,5,PEATON,PEATON,FEMENINO,50
2018-0045,2018,ABRIL,4,LUNES,0,CONDUCTOR,AUTO,MASCULINO,60
2018-0046,2018,MAYO,5,MIÉRCOLES,2,PEATON,PEATON,MASCULINO,11
2018-0047,2018,MAYO,5,MARTES,1,PEATON,PEATON,MASCULINO,82
2018-0048,2018,MAYO,5,MIÉRCOLES,2,PEATON,PEATON,MASCULINO,57
2018-0049,2018,MAYO,5,VIERNES,4,PEATON,PEATON,FEMENINO,40
2018-0050,2018,MAYO,5,LUNES,0,PEATON,PEATON,FEMENINO,47
2018-0051,2018,MAYO,5,MARTES,1,PEATON,PEATON,FEMENINO,57
2018-0052,2018,MAYO,5,VIERNES,4,PEATON,PEATON,MASCULINO,78
2018-0053,2018,MAYO,5,DOMINGO,6,CONDUCTOR,MOTO,MASCULINO,43
2018-0054,2018,MAYO,5,MARTES,1,PEATON,PEATON,FEMENINO,86
2018-0055,2018,MAYO,5,MARTES,1,CONDUCTOR,MOTO,MASCULINO,21
2018-0056,2018,JUNIO,6,SÁBADO,5,PEATON,PEATON,FEMENINO,69
2018-0057,2018,JUNIO,6,DOMINGO,6,CONDUCTOR,MOTO,MASCULINO,33
2018-0058,2018,JUNIO,6,DOMINGO,6,CONDUCTOR,MOTO,MASCULINO,26
2018-0059,2018,JUNIO,6,VIERNES,4,CONDUCTOR,MOTO,MASCULINO,54
2018-0060,2018,JUNIO,6,VIERNES,4,PEATON,PEATON,MASCULINO,51
2018-0061,2018,JUNIO,6,DOMINGO,6,CONDUCTOR,MOTO,MASCULINO,51
2018-0062,2018,JUNIO,6,JUEVES,3,PEATON,PEATON,MASCULINO,32
2018-0063,2018,JUNIO,6,SÁBADO,5,PEATON,PEATON,FEMENINO,28
2018-0064,2018,JUNIO,6,LUNES,0,CONDUCTOR,AUTO,MASCULINO,30
2018-0065,2018,JUNIO,6,MARTES,1,CONDUCTOR,MOTO,MASCULINO,35
2018-0066,2018,JUNIO,6,JUEVES,3,PEATON,PEATON,MASCULINO,73
2018-0067,2018,JUNIO,6,VIERNES,4,PASAJERO_ACOMPAÑANTE,PASAJEROS,FEMENINO,81
2018-0068,2018,JULIO,7,DOMINGO,6,CONDUCTOR,MOTO,MASCULINO,21
2018-0069,2018,JULIO,7,MIÉRCOLES,2,CICLISTA,BICICLETA,MASCULINO,20
2018-0070,2018,JULIO,7,SÁBADO,5,CONDUCTOR,MOTO,MASCULINO,33
2018-0071,2018,JULIO,7,MARTES,1,CONDUCTOR,MOTO,MASCULINO,30
2018-0072,2018,JULIO,7,MIÉRCOLES,2,CONDUCTOR,MOTO,MASCULINO,27
2018-0073,2018,JULIO,7,MIÉRCOLES,2,PEATON,PEATON,FEMENINO,67
2018-0074,2018,JULIO,7,SÁBADO,5,CONDUCTOR,AUTO,MASCULINO,25
2018-0075,2018,JULIO,7,DOMINGO,6,PEATON,PEATON,MASCULINO,23
2018-0076,2018,JULIO,7,LUNES,0,CONDUCTOR,AUTO,MASCULINO,73
2018-0077,2018,JULIO,7,LUNES,0,CONDUCTOR,AUTO,MASCULINO,58
2018-0078,2018,JULIO,7,SÁBADO,5,PEATON,PEATON,MASCULINO,27
2018-0079,2018,JULIO,7,LUNES,0,PEATON,PEATON,MASCULINO,30
2018-0080,2018,JULIO,7,MIÉRCOLES,2,PEATON,PEATON,MASCULINO,26
2018-0081,2018,JULIO,7,DOMINGO,6,PEATON,PEATON,MASCULINO,35
2018-0082,2018,AGOSTO,8,MIÉRCOLES,2,CONDUCTOR,MOTO,FEMENINO,17
2018-0083,2018,AGOSTO,8,JUEVES,3,CONDUCTOR,MOTO,MASCULINO,30
2018-0084,2018,AGOSTO,8,VIERNES,4,PEATON,PEATON,MASCULINO,45
2018-0085,2018,AGOSTO,8,VIERNES,4,PASAJERO_ACOMPAÑANTE,MOTO,FEMENINO,22
2018-0085,2018,AGOSTO,8,VIERNES,4,CONDUCTOR,MOTO,MASCULINO,30
2018-0086,2018,AGOSTO,8,VIERNES,4,PEATON,PEATON,MASCULINO,40
2018-0087,2018,AGOSTO,8,MIÉRCOLES,2,PEATON,PEATON,MASCULINO,75
2018-0088,2018,AGOSTO,8,VIERNES,4,CONDUCTOR,MOTO,MASCULINO,30
2018-0089,2018,AGOSTO,8,VIERNES,4,PEATON,PEATON,MASCULINO,80
2018-0090,2018,AGOSTO,8,SÁBADO,5,CONDUCTOR,MOTO,MASCULINO,27
2018-0091,2018,AGOSTO,8,DOMINGO,6,PASAJERO_ACOMPAÑANTE,AUTO,FEMENINO,23
2018-0092,2018,AGOSTO,8,LUNES,0,CONDUCTOR,MOTO,MASCULINO,23
2018-0093,2018,AGOSTO,8,LUNES,0,PEATON,PEATON,MASCULINO,24
2018-0094,2018,AGOSTO,8,JUEVES,3,CONDUCTOR,MOTO,MASCULINO,32
2018-0095,2018,AGOSTO,8,DOMINGO,6,PASAJERO_ACOMPAÑANTE,AUTO,FEMENINO,49
2018-0096,2018,AGOSTO,8,VIERNES,4,PEATON,PEATON,MASCULINO,39
2018-0097,2018,SEPTIEMBRE,9,DOMINGO,6,CONDUCTOR,AUTO,FEMENINO,35
2018-0098,2018,SEPTIEMBRE,9,DOMINGO,6,CONDUCTOR,AUTO,MASCULINO,55
2018-0098,2018,SEPTIEMBRE,9,DOMINGO,6,PASAJERO_ACOMPAÑANTE,AUTO,MASCULINO,54
2018-0099,2018,SEPTIEMBRE,9,MIÉRCOLES,2,PEATON,PEATON,MASCULINO,18
2018-0100,2018,SEPTIEMBRE,9,JUEVES,3,SD,MOTO,FEMENINO,33
2018-0101,2018,SEPTIEMBRE,9,VIERNES,4,CONDUCTOR,AUTO,MASCULINO,30
2018-0102,2018,SEPTIEMBRE,9,VIERNES,4,CONDUCTOR,MOTO,MASCULINO,20
2018-0103,2018,SEPTIEMBRE,9,JUEVES,3,PEATON,PEATON,MASCULINO,1
2018-0104,2018,OCTUBRE,10,LUNES,0,CONDUCTOR,MOTO,MASCULINO,22
2018-0105,2018,OCTUBRE,10,MIÉRCOLES,2,PEATON,PEATON,FEMENINO,56
2018-0106,2018,OCTUBRE,10,JUEVES,3,CONDUCTOR,MOTO,MASCULINO,27
2018-0107,2018,OCTUBRE,10,SÁBADO,5,PEATON,PEATON,FEMENINO,62
2018-0108,2018,OCTUBRE,10,MARTES,1,CONDUCTOR,MOTO,MASCULINO,37
2018-0109,2018,OCTUBRE,10,MIÉRCOLES,2,PEATON,PEATON,MASCULINO,34
2018-0110,2018,OCTUBRE,10,SÁBADO,5,PEATON,PEATON,MASCULINO,60
2018-0111,2018,OCTUBRE,10,VIERNES,4,CONDUCTOR,MOTO,MASCULINO,28
2018-0112,2018,OCTUBRE,10,MIÉRCOLES,2,CONDUCTOR,MOTO,FEMENINO,28
2018-0113,2018,OCTUBRE,10,JUEVES,3,CONDUCTOR,MOTO,MASCULINO,20
2018-0114,2018,OCTUBRE,10,MARTES,1,CONDUCTOR,MOTO,MASCULINO,23
2018-0115,2018,OCTUBRE,10,MIÉRCOLES,2,PEATON,PEATON,MASCULINO,42
2018-0116,2018,NOVIEMBRE,11,JUEVES,3,PEATON,PEATON,MASCULINO,48
2018-0117,2018,NOVIEMBRE,11,DOMINGO,6,CONDUCTOR,MOTO,MASCULINO,30
2018-0118,2018,NOVIEMBRE,11,LUNES,0,PEATON,PEATON,FEMENINO,80
2018-0119,2018,NOVIEMBRE,11,LUNES,0,PEATON,PEATON,FEMENINO,32
2018-0120,2018,NOVIEMBRE,11,VIERNES,4,PEATON,PEATON,FEMENINO,51
2018-0121,2018,NOVIEMBRE,11,VIERNES,4,PEATON,PEATON,FEMENINO,72
2018-0122,2018,NOVIEMBRE,11,LUNES,0,CONDUCTOR,AUTO,MASCULINO,33
2018-0123,2018,NOVIEMBRE,11,LUNES,0,CONDUCTOR,AUTO,MASCULINO,25
2018-0124,2018,NOVIEMBRE,11,JUEVES,3,CONDUCTOR,CARGAS,MASCULINO,44
2018-0125,2018,NOVIEMBRE,11,VIERNES,4,PEATON,PEATON,MASCULINO,29
2018-0126,2018,NOVIEMBRE,11,DOMINGO,6,CONDUCTOR,MOTO,MASCULINO,27
2018-0127,2018,NOVIEMBRE,11,LUNES,0,CONDUCTOR,MOTO,MASCULINO,29
2018-0128,2018,NOVIEMBRE,11,DOMINGO,6,PASAJERO_ACOMPAÑANTE,AUTO,MASCULINO,49
2018-0128,2018,NOVIEMBRE,11,DOMINGO,6,PASAJERO_ACOMPAÑANTE,AUTO,FEMENINO,39
2018-0129,2018,NOVIEMBRE,11,MIÉRCOLES,2,CONDUCTOR,MOTO,MASCULINO,37
2018-0130,2018,DICIEMBRE,12,LUNES,0,CONDUCTOR,MOTO,MASCULINO,30
2018-0131,2018,DICIEMBRE,12,VIERNES,4,CONDUCTOR,MOTO,MASCULINO,29
2018-0132,2018,DICIEMBRE,12,MIÉRCOLES,2,PEATON,PEATON,MASCULINO,70
2018-0133,2018,DICIEMBRE,12,MIÉRCOLES,2,PEATON,PEATON,FEMENINO,60
2018-0134,2018,DICIEMBRE,12,MIÉRCOLES,2,PEATON,PEATON,MASCULINO,56
2018-0135,2018,DICIEMBRE,12,MARTES,1,PEATON,PEATON,MASCULINO,80
2018-0136,2018,DICIEMBRE,12,MARTES,1,PEATON,PEATON,FEMENINO,70
2018-0137,2018,DICIEMBRE,12,MARTES,1,PASAJERO_ACOMPAÑANTE,MOTO,MASCULINO,29
2018-0138,2018,DICIEMBRE,12,VIERNES,4,PASAJERO_ACOMPAÑANTE,PASAJEROS,FEMENINO,79
2018-0139,2018,DICIEMBRE,12,SÁBADO,5,PASAJERO_ACOMPAÑANTE,MOTO,MASCULINO,28
2018-0140,2018,DICIEMBRE,12,SÁBADO,5,CONDUCTOR,AUTO,MASCULINO,78
2018-0141,2018,DICIEMBRE,12,SÁBADO,5,PEATON,PEATON,MASCULINO,75
2018-0142,2018,DICIEMBRE,12,MARTES,1,PASAJERO_ACOMPAÑANTE,CARGAS,MASCULINO,32
2018-0143,2018,DICIEMBRE,12,SÁBADO,5,CONDUCTOR,MOTO,MASCULINO,22
2019-0001,2019,ENERO,1,MARTES,1,CONDUCTOR,MOTO,MASCULINO,25
2019-0002,2019,ENERO,1,MIÉRCOLES,2,CONDUCTOR,AUTO,MASCULINO,32
2019-0003,2019,ENERO,1,SÁBADO,5,CONDUCTOR,MOTO,MASCULINO,23
2019-0004,2019,ENERO,1,LUNES,0,CONDUCTOR,AUTO,MASCULINO,71
2019-0005,2019,ENERO,1,SÁBADO,5,CONDUCTOR,MOTO,MASCULINO,43
2019-0006,2019,ENERO,1,MIÉRCOLES,2,PEATON,PEATON,FEMENINO,12
2019-0007,2019,ENERO,1,SÁBADO,5,CONDUCTOR,MOTO,MASCULINO,35
2019-0008,2019,ENERO,1,MIÉRCOLES,2,CONDUCTOR,MOTO,MASCULINO,42
2019-0009,2019,ENERO,1,JUEVES,3,CONDUCTOR,MOTO,MASCULINO,34
2019-0010,2019,FEBRERO,2,SÁBADO,5,PEATON,PEATON,MASCULINO,30
2019-0010,2019,FEBRERO,2,SÁBADO,5,PEATON,PEATON,MASCULINO,59
2019-0011,2019,FEBRERO,2,DOMINGO,6,PEATON,PEATON,MASCULINO,30
2019-0012,2019,FEBRERO,2,DOMINGO,6,CONDUCTOR,MOTO,MASCULINO,31
2019-0013,2019,FEBRERO,2,MIÉRCOLES,2,PEATON,PEATON,MASCULINO,39
2019-0014,2019,FEBRERO,2,MIÉRCOLES,2,CONDUCTOR,MOTO,MASCULINO,69
2019-0015,2019,FEBRERO,2,SÁBADO,5,CONDUCTOR,AUTO,MASCULINO,21
2019-0016,2019,FEBRERO,2,DOMINGO,6,CONDUCTOR,MOTO,MASCULINO,40
2019-0017,2019,MARZO,3,DOMINGO,6,CONDUCTOR,AUTO,MASCULINO,22
2019-0018,2019,MARZO,3,DOMINGO,6,PEATON,PEATON,FEMENINO,29
2019-0019,2019,MARZO,3,MIÉRCOLES,2,CONDUCTOR,MOTO,MASCULINO,30
2019-0020,2019,MARZO,3,JUEVES,3,CONDUCTOR,MOTO,MASCULINO,43
2019-0021,2019,MARZO,3,VIERNES,4,CONDUCTOR,MOTO,MASCULINO,23
2019-0022,2019,MARZO,3,VIERNES,4,PASAJERO_ACOMPAÑANTE,AUTO,MASCULINO,30
2019-0023,2019,MARZO,3,SÁBADO,5,CONDUCTOR,AUTO,MASCULINO,34
2019-0024,2019,MARZO,3,MARTES,1,CONDUCTOR,MOTO,MASCULINO,32
2019-0025,2019,MARZO,3,VIERNES,4,PEATON,PEATON,MASCULINO,27
2019-0026,2019,MARZO,3,JUEVES,3,PEATON,PEATON,MASCULINO,30
2019-0027,2019,MARZO,3,JUEVES,3,CICLISTA,BICICLETA,MASCULINO,37
2019-0028,2019,ABRIL,4,SÁBADO,5,PEATON,PEATON,FEMENINO,30
2019-0029,2019,ABRIL,4,DOMINGO,6,CONDUCTOR,MOTO,MASCULINO,27
2019-0030,2019,ABRIL,4,MARTES,1,CONDUCTOR,MOTO,MASCULINO,25
2019-0031,2019,ABRIL,4,VIERNES,4,CICLISTA,BICICLETA,MASCULINO,20
2019-0032,2019,ABRIL,4,MARTES,1,PEATON,PEATON,FEMENINO,83
2019-0033,2019,ABRIL,4,JUEVES,3,CONDUCTOR,MOTO,MASCULINO,25
2019-0034,2019,ABRIL,4,DOMINGO,6,CONDUCTOR,MOTO,MASCULINO,30
2019-0035,2019,ABRIL,4,MARTES,1,PEATON,PEATON,FEMENINO,75
2019-0036,2019,ABRIL,4,VIERNES,4,CONDUCTOR,MOTO,MASCULINO,34
2019-0037,2019,MAYO,5,MIÉRCOLES,2,CONDUCTOR,MOTO,MASCULINO,17
2019-0038,2019,MAYO,5,SÁBADO,5,PEATON,PEATON,FEMENINO,42
2019-0105,2019,MAYO,5,DOMINGO,6,PEATON,PEATON,FEMENINO,82
2019-0039,2019,MAYO,5,JUEVES,3,CONDUCTOR,MOTO,MASCULINO,28
2019-0040,2019,MAYO,5,JUEVES,3,CONDUCTOR,MOTO,MASCULINO,44
2019-0041,2019,MAYO,5,SÁBADO,5,PASAJERO_ACOMPAÑANTE,AUTO,FEMENINO,78
2019-0042,2019,MAYO,5,MARTES,1,PEATON,PEATON,MASCULINO,39
2019-0043,2019,MAYO,5,MARTES,1,CICLISTA,BICICLETA,FEMENINO,30
2019-0044,2019,MAYO,5,LUNES,0,PEATON,PEATON,FEMENINO,77
2019-0045,2019,JUNIO,6,LUNES,0,CONDUCTOR,MOTO,MASCULINO,33
2019-0046,2019,JUNIO,6,MARTES,1,PASAJERO_ACOMPAÑANTE,MOTO,FEMENINO,26
2019-0047,2019,JUNIO,6,JUEVES,3,PEATON,PEATON,MASCULINO,76
2019-0048,2019,JUNIO,6,VIERNES,4,CONDUCTOR,MOTO,MASCULINO,32
2019-0049,2019,JUNIO,6,SÁBADO,5,PEATON,PEATON,FEMENINO,72
2019-0050,2019,JUNIO,6,SÁBADO,5,CONDUCTOR,MOTO,MASCULINO,21
2019-0051,2019,JUNIO,6,MARTES,1,CONDUCTOR,MOTO,MASCULINO,41
2019-0053,2019,JUNIO,6,VIERNES,4,PASAJERO_ACOMPAÑANTE,AUTO,MASCULINO,49
2019-0054,2019,JUNIO,6,JUEVES,3,CONDUCTOR,MOTO,MASCULINO,21
2019-0055,2019,JUNIO,6,JUEVES,3,CONDUCTOR,MOTO,MASCULINO,47
2019-0056,2019,JUNIO,6,SÁBADO,5,PEATON,PEATON,FEMENINO,75
2019-0057,2019,JULIO,7,VIERNES,4,PEATON,PEATON,FEMENINO,63
2019-0058,2019,JULIO,7,MIÉRCOLES,2,CONDUCTOR,MOTO,MASCULINO,39
2019-0059,2019,JULIO,7,SÁBADO,5,CONDUCTOR,MOTO,MASCULINO,30
2019-0060,2019,JULIO,7,MIÉRCOLES,2,PEATON,PEATON,FEMENINO,78
2019-0061,2019,JULIO,7,MIÉRCOLES,2,PEATON,PEATON,FEMENINO,58
2019-0062,2019,AGOSTO,8,JUEVES,3,PEATON,PEATON,FEMENINO,60
2019-0063,2019,AGOSTO,8,DOMINGO,6,PASAJERO_ACOMPAÑANTE,MOTO,MASCULINO,30
2019-0064,2019,AGOSTO,8,MARTES,1,CONDUCTOR,MOTO,MASCULINO,20
2019-0065,2019,AGOSTO,8,JUEVES,3,PEATON,PEATON,FEMENINO,55
2019-0066,2019,AGOSTO,8,DOMINGO,6,PEATON,PEATON,MASCULINO,40
2019-0067,2019,AGOSTO,8,MIÉRCOLES,2,CONDUCTOR,MOTO,MASCULINO,35
2019-0068,2019,AGOSTO,8,MIÉRCOLES,2,CONDUCTOR,MOTO,MASCULINO,53
2019-0069,2019,AGOSTO,8,SÁBADO,5,CONDUCTOR,MOTO,MASCULINO,43
2019-0070,2019,AGOSTO,8,JUEVES,3,CONDUCTOR,MOTO,MASCULINO,25
2019-0071,2019,AGOSTO,8,MARTES,1,PEATON,PEATON,MASCULINO,30
2019-0072,2019,AGOSTO,8,MIÉRCOLES,2,CONDUCTOR,AUTO,MASCULINO,22
2019-0073,2019,AGOSTO,8,JUEVES,3,CONDUCTOR,AUTO,MASCULINO,29
2019-0074,2019,AGOSTO,8,JUEVES,3,CONDUCTOR,MOTO,MASCULINO,35
2019-0075,2019,AGOSTO,8,VIERNES,4,CONDUCTOR,MOTO,MASCULINO,31
2019-0076,2019,SEPTIEMBRE,9,JUEVES,3,CONDUCTOR,MOTO,FEMENINO,29
2019-0077,2019,SEPTIEMBRE,9,DOMINGO,6,PEATON,PEATON,FEMENINO,28
2019-0078,2019,SEPTIEMBRE,9,JUEVES,3,PEATON,PEATON,FEMENINO,72
2019-0079,2019,SEPTIEMBRE,9,MARTES,1,CONDUCTOR,MOTO,MASCULINO,57
2019-0080,2019,SEPTIEMBRE,9,MARTES,1,PEATON,PEATON,MASCULINO,76
2019-0081,2019,SEPTIEMBRE,9,LUNES,0,PEATON,PEATON,MASCULINO,67
2019-0082,2019,SEPTIEMBRE,9,MIÉRCOLES,2,CICLISTA,BICICLETA,MASCULINO,47
2019-0083,2019,SEPTIEMBRE,9,JUEVES,3,CONDUCTOR,AUTO,MASCULINO,73
2019-0084,2019,SEPTIEMBRE,9,VIERNES,4,CICLISTA,BICICLETA,FEMENINO,40
2019-0085,2019,OCTUBRE,10,MIÉRCOLES,2,CICLISTA,BICICLETA,MASCULINO,20
2019-0086,2019,OCTUBRE,10,MARTES,1,CONDUCTOR,MOTO,MASCULINO,29
2019-0087,2019,OCTUBRE,10,LUNES,0,CONDUCTOR,MOTO,MASCULINO,41
2019-0088,2019,OCTUBRE,10,MARTES,1,PEATON,PEATON,MASCULINO,27
2019-0089,2019,OCTUBRE,10,MIÉRCOLES,2,PEATON,PEATON,FEMENINO,92
2019-0090,2019,OCTUBRE,10,JUEVES,3,PEATON,PEATON,MASCULINO,67
2019-0091,2019,NOVIEMBRE,11,VIERNES,4,PEATON,PEATON,MASCULINO,35
2019-0092,2019,NOVIEMBRE,11,DOMINGO,6,PEATON,PEATON,MASCULINO,37
2019-0093,2019,NOVIEMBRE,11,MIÉRCOLES,2,CICLISTA,BICICLETA,MASCULINO,16
2019-0094,2019,NOVIEMBRE,11,LUNES,0,PASAJERO_ACOMPAÑANTE,MOTO,FEMENINO,30
2019-0095,2019,NOVIEMBRE,11,MIÉRCOLES,2,CONDUCTOR,MOTO,MASCULINO,30
2019-0096,2019,NOVIEMBRE,11,VIERNES,4,PEATON,PEATON,MASCULINO,73
2019-0097,2019,NOVIEMBRE,11,LUNES,0,PASAJERO_ACOMPAÑANTE,MOTO,FEMENINO,23
2019-0098,2019,NOVIEMBRE,11,LUNES,0,PASAJERO_ACOMPAÑANTE,PASAJEROS,FEMENINO,61
2019-0100,2019,DICIEMBRE,12,JUEVES,3,CONDUCTOR,MOTO,MASCULINO,38
2019-0101,2019,DICIEMBRE,12,MARTES,1,CONDUCTOR,MOTO,MASCULINO,25
2019-0102,2019,DICIEMBRE,12,MARTES,1,CONDUCTOR,MOTO,MASCULINO,18
2019-0103,2019,DICIEMBRE,12,MIÉRCOLES,2,CONDUCTOR,MOTO,MASCULINO,24
2019-0104,2019,DICIEMBRE,12,SÁBADO,5,PASAJERO_ACOMPAÑANTE,MOTO,FEMENINO,23
2020-0001,2020,ENERO,1,SÁBADO,5,PEATON,PEATON,FEMENINO,87
2020-0002,2020,ENERO,1,DOMINGO,6,CONDUCTOR,MOTO,MASCULINO,36
2020-0003,2020,ENERO,1,SÁBADO,5,PEATON,PEATON,MASCULINO,44
2020-0004,2020,ENERO,1,MARTES,1,PEATON,PEATON,MASCULINO,82
2020-0005,2020,ENERO,1,MARTES,1,CONDUCTOR,MOTO,MASCULINO,25
2020-0006,2020,ENERO,1,LUNES,0,CONDUCTOR,MOTO,MASCULINO,23
2020-0007,2020,ENERO,1,LUNES,0,PEATON,PEATON,MASCULINO,52
2020-0008,2020,ENERO,1,JUEVES,3,CONDUCTOR,MOTO,MASCULINO,49
2020-0009,2020,FEBRERO,2,MARTES,1,PEATON,PEATON,MASCULINO,48
2020-0010,2020,FEBRERO,2,SÁBADO,5,CONDUCTOR,MOTO,MASCULINO,30
2020-0011,2020,FEBRERO,2,MIÉRCOLES,2,CONDUCTOR,MOTO,MASCULINO,31
2020-0012,2020,FEBRERO,2,MARTES,1,PEATON,PEATON,FEMENINO,66
2020-0013,2020,FEBRERO,2,JUEVES,3,PEATON,PEATON,FEMENINO,58
2020-0014,2020,FEBRERO,2,JUEVES,3,CONDUCTOR,MOTO,MASCULINO,30
2020-0015,2020,FEBRERO,2,VIERNES,4,CONDUCTOR,MOTO,MASCULINO,29
2020-0016,2020,FEBRERO,2,SÁBADO,5,PEATON,PEATON,MASCULINO,68
2020-0017,2020,MARZO,3,JUEVES,3,PEATON,PEATON,MASCULINO,30
2020-0018,2020,MARZO,3,LUNES,0,CONDUCTOR,MOTO,MASCULINO,31
2020-0019,2020,MARZO,3,MARTES,1,PEATON,PEATON,FEMENINO,80
2020-0020,2020,MARZO,3,VIERNES,4,PEATON,PEATON,FEMENINO,74
2020-0021,2020,MARZO,3,SÁBADO,5,PEATON,PEATON,FEMENINO,87
2020-0022,2020,ABRIL,4,MARTES,1,PASAJERO_ACOMPAÑANTE,AUTO,MASCULINO,44
2020-0023,2020,ABRIL,4,JUEVES,3,CONDUCTOR,AUTO,MASCULINO,44
2020-0024,2020,ABRIL,4,VIERNES,4,CONDUCTOR,AUTO,MASCULINO,53
2020-0025,2020,MAYO,5,MARTES,1,PEATON,PEATON,MASCULINO,30
2020-0026,2020,MAYO,5,DOMINGO,6,CONDUCTOR,MOTO,MASCULINO,28
2020-0027,2020,MAYO,5,LUNES,0,PEATON,PEATON,MASCULINO,76
2020-0028,2020,MAYO,5,MARTES,1,PEATON,PEATON,MASCULINO,91
2020-0029,2020,JUNIO,6,MIÉRCOLES,2,PEATON,PEATON,MASCULINO,80
2020-0030,2020,JUNIO,6,MARTES,1,CONDUCTOR,MOTO,MASCULINO,40
2020-0031,2020,JUNIO,6,MARTES,1,CONDUCTOR,MOTO,MASCULINO,29
2020-0032,2020,JULIO,7,VIERNES,4,CONDUCTOR,MOTO,MASCULINO,21
2020-0033,2020,JULIO,7,DOMINGO,6,CONDUCTOR,AUTO,MASCULINO,32
2020-0034,2020,AGOSTO,8,DOMINGO,6,PEATON,PEATON,FEMENINO,30
2020-0035,2020,AGOSTO,8,MARTES,1,CONDUCTOR,MOTO,MASCULINO,40
2020-0036,2020,AGOSTO,8,VIERNES,4,PEATON,PEATON,MASCULINO,72
2020-0037,2020,AGOSTO,8,SÁBADO,5,PEATON,PEATON,MASCULINO,38
2020-0038,2020,AGOSTO,8,DOMINGO,6,CONDUCTOR,AUTO,MASCULINO,46
2020-0038,2020,AGOSTO,8,DOMINGO,6,CONDUCTOR,AUTO,MASCULINO,64
2020-0039,2020,SEPTIEMBRE,9,MARTES,1,PEATON,PEATON,MASCULINO,44
2020-0040,2020,SEPTIEMBRE,9,SÁBADO,5,CONDUCTOR,AUTO,MASCULINO,30
2020-0041,2020,SEPTIEMBRE,9,LUNES,0,CONDUCTOR,MOTO,MASCULINO,34
2020-0042,2020,SEPTIEMBRE,9,MARTES,1,PEATON,PEATON,FEMENINO,53
2020-0043,2020,SEPTIEMBRE,9,MIÉRCOLES,2,PEATON,PEATON,MASCULINO,64
2020-0044,2020,OCTUBRE,10,LUNES,0,CONDUCTOR,AUTO,MASCULINO,43
2020-0045,2020,OCTUBRE,10,LUNES,0,CONDUCTOR,AUTO,MASCULINO,50
2020-0046,2020,OCTUBRE,10,MARTES,1,CONDUCTOR,MOTO,MASCULINO,41
2020-0047,2020,OCTUBRE,10,MARTES,1,PEATON,PEATON,MASCULINO,15
2020-0048,2020,OCTUBRE,10,JUEVES,3,CONDUCTOR,MOTO,MASCULINO,41
2020-0049,2020,OCTUBRE,10,VIERNES,4,PEATON,PEATON,MASCULINO,36
2020-0050,2020,NOVIEMBRE,11,DOMINGO,6,PEATON,PEATON,FEMENINO,28
2020-0051,2020,NOVIEMBRE,11,JUEVES,3,CONDUCTOR,MOTO,MASCULINO,49
2020-0052,2020,NOVIEMBRE,11,SÁBADO,5,CICLISTA,BICICLETA,MASCULINO,44
2020-0053,2020,NOVIEMBRE,11,LUNES,0,PASAJERO_ACOMPAÑANTE,AUTO,MASCULINO,27
2020-0054,2020,NOVIEMBRE,11,JUEVES,3,CICLISTA,BICICLETA,MASCULINO,59
2020-0055,2020,NOVIEMBRE,11,JUEVES,3,PEATON,PEATON,MASCULINO,91
2020-0056,2020,NOVIEMBRE,11,SÁBADO,5,CONDUCTOR,MOTO,FEMENINO,34
2020-0057,2020,NOVIEMBRE,11,LUNES,0,PEATON,PEATON,MASCULINO,84
2020-0058,2020,NOVIEMBRE,11,MARTES,1,PEATON,PEATON,MASCULINO,57
2020-0059,2020,DICIEMBRE,12,MARTES,1,PEATON,PEATON,FEMENINO,49
2020-0060,2020,DICIEMBRE,12,JUEVES,3,PEATON,PEATON,FEMENINO,69
2020-0061,2020,DICIEMBRE,12,JUEVES,3,CONDUCTOR,MOTO,MASCULINO,45
2020-0062,2020,DICIEMBRE,12,VIERNES,4,CICLISTA,BICICLETA,MASCULINO,47
2020-0063,2020,DICIEMBRE,12,SÁBADO,5,PEATON,PEATON,MASCULINO,38
2020-0063,2020,DICIEMBRE,12,SÁBADO,5,PASAJERO_ACOMPAÑANTE,MOTO,MASCULINO,21
2020-0065,2020,DICIEMBRE,12,SÁBADO,5,CONDUCTOR,MOTO,MASCULINO,24
2020-0066,2020,DICIEMBRE,12,LUNES,0,CONDUCTOR,MOTO,MASCULINO,27
2020-0067,2020,DICIEMBRE,12,VIERNES,4,PEATON,PEATON,MASCULINO,51
2020-0068,2020,DICIEMBRE,12,SÁBADO,5,CONDUCTOR,MOTO,MASCULINO,71
2020-0069,2020,DICIEMBRE,12,MARTES,1,PASAJERO_ACOMPAÑANTE,MOTO,MASCULINO,25
2020-0070,2020,DICIEMBRE,12,JUEVES,3,PEATON,PEATON,FEMENINO,81
2020-0071,2020,DICIEMBRE,12,JUEVES,3,PEATON,PEATON,MASCULINO,4
2020-0072,2020,DICIEMBRE,12,SÁBADO,5,CICLISTA,BICICLETA,MASCULINO,42
2020-0073,2020,DICIEMBRE,12,DOMINGO,6,CONDUCTOR,MOTO,MASCULINO,56
2020-0074,2020,DICIEMBRE,12,DOMINGO,6,CONDUCTOR,AUTO,MASCULINO,39
2020-0075,2020,DICIEMBRE,12,MIÉRCOLES,2,PEATON,PEATON,MASCULINO,23
2020-0076,2020,DICIEMBRE,12,JUEVES,3,CONDUCTOR,AUTO,FEMENINO,78
2020-0077,2020,DICIEMBRE,12,VIERNES,4,CONDUCTOR,MOTO,FEMENINO,30
2020-0077,2020,DICIEMBRE,12,VIERNES,4,PASAJERO_ACOMPAÑANTE,MOTO,FEMENINO,24
2020-0078,2020,DICIEMBRE,12,VIERNES,4,CICLISTA,BICICLETA,MASCULINO,26
2020-0079,2020,DICIEMBRE,12,DOMINGO,6,CONDUCTOR,MOTO,MASCULINO,28
2021-0001,2021,ENERO,1,MIÉRCOLES,2,CONDUCTOR,MOTO,MASCULINO,36
2021-0002,2021,ENERO,1,JUEVES,3,CONDUCTOR,MOTO,FEMENINO,47
2021-0003,2021,ENERO,1,DOMINGO,6,CONDUCTOR,MOTO,MASCULINO,27
2021-0004,2021,ENERO,1,LUNES,0,PEATON,PEATON,FEMENINO,61
2021-0005,2021,ENERO,1,LUNES,0,PEATON,PEATON,MASCULINO,73
2021-0006,2021,ENERO,1,MARTES,1,PASAJERO_ACOMPAÑANTE,MOTO,FEMENINO,23
2021-0007,2021,ENERO,1,LUNES,0,CONDUCTOR,MOTO,MASCULINO,84
2021-0008,2021,ENERO,1,VIERNES,4,PEATON,PEATON,MASCULINO,28
2021-0009,2021,ENERO,1,SÁBADO,5,CONDUCTOR,MOTO,MASCULINO,31
2021-0010,2021,ENERO,1,SÁBADO,5,CONDUCTOR,MOTO,MASCULINO,28
2021-0011,2021,ENERO,1,MIÉRCOLES,2,PEATON,PEATON,MASCULINO,21
2021-0012,2021,ENERO,1,VIERNES,4,PEATON,PEATON,MASCULINO,30
2021-0013,2021,ENERO,1,DOMINGO,6,CONDUCTOR,MOTO,MASCULINO,41
2021-0014,2021,FEBRERO,2,MARTES,1,PEATON,PEATON,MASCULINO,28
2021-0015,2021,FEBRERO,2,SÁBADO,5,CONDUCTOR,MOTO,MASCULINO,26
2021-0016,2021,FEBRERO,2,DOMINGO,6,CONDUCTOR,AUTO,MASCULINO,22
2021-0017,2021,FEBRERO,2,MIÉRCOLES,2,CONDUCTOR,MOTO,MASCULINO,33
2021-0018,2021,FEBRERO,2,SÁBADO,5,PEATON,PEATON,MASCULINO,36
2021-0019,2021,FEBRERO,2,DOMINGO,6,CONDUCTOR,MOTO,MASCULINO,30
2021-0020,2021,FEBRERO,2,DOMINGO,6,PEATON,PEATON,FEMENINO,30
2021-0021,2021,FEBRERO,2,VIERNES,4,CONDUCTOR,MOTO,MASCULINO,39
2021-0022,2021,FEBRERO,2,DOMINGO,6,PASAJERO_ACOMPAÑANTE,PASAJEROS,MASCULINO,68
2021-0023,2021,MARZO,3,LUNES,0,CONDUCTOR,MOTO,MASCULINO,24
2021-0024,2021,MARZO,3,MIÉRCOLES,2,CICLISTA,BICICLETA,MASCULINO,5
2021-0025,2021,MARZO,3,JUEVES,3,CONDUCTOR,MOTO,MASCULINO,37
2021-0026,2021,MARZO,3,LUNES,0,CONDUCTOR,MOTO,MASCULINO,36
2021-0027,2021,MARZO,3,MARTES,1,CONDUCTOR,MOTO,FEMENINO,19
2021-0028,2021,MARZO,3,LUNES,0,PEATON,PEATON,MASCULINO,30
2021-0029,2021,MARZO,3,MIÉRCOLES,2,CONDUCTOR,AUTO,MASCULINO,26
2021-0030,2021,ABRIL,4,SÁBADO,5,PEATON,PEATON,MASCULINO,36
2021-0031,2021,ABRIL,4,MIÉRCOLES,2,PEATON,PEATON,FEMENINO,68
2021-0032,2021,ABRIL,4,SÁBADO,5,PEATON,PEATON,MASCULINO,60
2021-0033,2021,ABRIL,4,MIÉRCOLES,2,CONDUCTOR,AUTO,MASCULINO,33
2021-0034,2021,ABRIL,4,LUNES,0,PASAJERO_ACOMPAÑANTE,MOTO,FEMENINO,26
2021-0035,2021,MAYO,5,LUNES,0,CONDUCTOR,MOTO,MASCULINO,24
2021-0036,2021,MAYO,5,DOMINGO,6,CONDUCTOR,MOTO,MASCULINO,36
2021-0037,2021,MAYO,5,MARTES,1,PEATON,PEATON,FEMENINO,58
2021-0038,2021,MAYO,5,VIERNES,4,CONDUCTOR,MOTO,FEMENINO,44
2021-0039,2021,MAYO,5,SÁBADO,5,CICLISTA,BICICLETA,MASCULINO,86
2021-0040,2021,MAYO,5,JUEVES,3,CONDUCTOR,MOTO,MASCULINO,27
2021-0041,2021,MAYO,5,JUEVES,3,PEATON,PEATON,MASCULINO,75
2021-0042,2021,MAYO,5,VIERNES,4,PEATON,PEATON,MASCULINO,39
2021-0043,2021,MAYO,5,SÁBADO,5,PEATON,PEATON,MASCULINO,50
2021-0044,2021,MAYO,5,MARTES,1,PASAJERO_ACOMPAÑANTE,MOTO,MASCULINO,21
2021-0045,2021,MAYO,5,MIÉRCOLES,2,CONDUCTOR,MOTO,MASCULINO,22
2021-0046,2021,MAYO,5,LUNES,0,PASAJERO_ACOMPAÑANTE,AUTO,MASCULINO,20
2021-0047,2021,JUNIO,6,MIÉRCOLES,2,CONDUCTOR,MOTO,MASCULINO,59
2021-0048,2021,JUNIO,6,JUEVES,3,CICLISTA,BICICLETA,MASCULINO,44
2021-0049,2021,JUNIO,6,JUEVES,3,CONDUCTOR,AUTO,MASCULINO,74
2021-0050,2021,JUNIO,6,JUEVES,3,CONDUCTOR,MOTO,MASCULINO,56
2021-0051,2021,JUNIO,6,MARTES,1,PEATON,PEATON,MASCULINO,73
2021-0052,2021,JUNIO,6,DOMINGO,6,PASAJERO_ACOMPAÑANTE,MOTO,FEMENINO,19
2021-0053,2021,JUNIO,6,DOMINGO,6,PEATON,PEATON,MASCULINO,58
2021-0054,2021,JUNIO,6,MARTES,1,CONDUCTOR,MOTO,MASCULINO,41
2021-0055,2021,JUNIO,6,MARTES,1,PASAJERO_ACOMPAÑANTE,MOTO,MASCULINO,47
2021-0056,2021,JULIO,7,VIERNES,4,CICLISTA,BICICLETA,MASCULINO,60
2021-0057,2021,JULIO,7,SÁBADO,5,CONDUCTOR,AUTO,MASCULINO,46
2021-0058,2021,JULIO,7,MIÉRCOLES,2,PEATON,PEATON,MASCULINO,24
2021-0059,2021,JULIO,7,JUEVES,3,PASAJERO_ACOMPAÑANTE,AUTO,FEMENINO,44
2021-0060,2021,JULIO,7,JUEVES,3,PEATON,PEATON,FEMENINO,80
2021-0061,2021,JULIO,7,SÁBADO,5,PEATON,PEATON,FEMENINO,55
2021-0062,2021,JULIO,7,MARTES,1,CONDUCTOR,AUTO,MASCULINO,73
2021-0063,2021,AGOSTO,8,LUNES,0,PASAJERO_ACOMPAÑANTE,AUTO,FEMENINO,31
2021-0064,2021,AGOSTO,8,LUNES,0,PEATON,PEATON,MASCULINO,37
2021-0065,2021,AGOSTO,8,VIERNES,4,PEATON,PEATON,FEMENINO,63
2021-0066,2021,AGOSTO,8,VIERNES,4,PEATON,PEATON,MASCULINO,59
2021-0067,2021,AGOSTO,8,DOMINGO,6,CONDUCTOR,MOTO,MASCULINO,27
2021-0068,2021,AGOSTO,8,DOMINGO,6,CONDUCTOR,MOTO,MASCULINO,39
2021-0069,2021,AGOSTO,8,VIERNES,4,PEATON,PEATON,MASCULINO,17
2021-0070,2021,AGOSTO,8,SÁBADO,5,CONDUCTOR,MOTO,MASCULINO,31
2021-0071,2021,AGOSTO,8,MARTES,1,PEATON,PEATON,MASCULINO,88
2021-0072,2021,SEPTIEMBRE,9,MIÉRCOLES,2,PEATON,PEATON,FEMENINO,57
2021-0073,2021,SEPTIEMBRE,9,SÁBADO,5,CICLISTA,BICICLETA,FEMENINO,76
2021-0074,2021,SEPTIEMBRE,9,LUNES,0,CONDUCTOR,MOTO,MASCULINO,55
2021-0075,2021,SEPTIEMBRE,9,MARTES,1,PEATON,PEATON,MASCULINO,65
2021-0076,2021,OCTUBRE,10,SÁBADO,5,CONDUCTOR,MOTO,MASCULINO,31
2021-0077,2021,OCTUBRE,10,LUNES,0,CONDUCTOR,MOTO,FEMENINO,31
2021-0078,2021,OCTUBRE,10,SÁBADO,5,CONDUCTOR,MOTO,MASCULINO,22
2021-0079,2021,OCTUBRE,10,LUNES,0,PEATON,PEATON,MASCULINO,30
2021-0080,2021,OCTUBRE,10,JUEVES,3,CONDUCTOR,MOTO,MASCULINO,32
2021-0081,2021,NOVIEMBRE,11,MARTES,1,CONDUCTOR,MOTO,MASCULINO,26
2021-0082,2021,NOVIEMBRE,11,SÁBADO,5,CONDUCTOR,MOTO,MASCULINO,38
2021-0083,2021,NOVIEMBRE,11,MARTES,1,CONDUCTOR,MOTO,MASCULINO,30
2021-0084,2021,NOVIEMBRE,11,JUEVES,3,CONDUCTOR,AUTO,MASCULINO,32
2021-0097,2021,NOVIEMBRE,11,JUEVES,3,CICLISTA,BICICLETA,MASCULINO,53
2021-0085,2021,NOVIEMBRE,11,SÁBADO,5,CONDUCTOR,MOTO,MASCULINO,49
2021-0086,2021,NOVIEMBRE,11,JUEVES,3,PEATON,PEATON,MASCULINO,75
2021-0087,2021,NOVIEMBRE,11,SÁBADO,5,PEATON,PEATON,FEMENINO,73
2021-0088,2021,DICIEMBRE,12,MIÉRCOLES,2,CONDUCTOR,MOTO,MASCULINO,45
2021-0089,2021,DICIEMBRE,12,JUEVES,3,CONDUCTOR,MOTO,MASCULINO,41
2021-0090,2021,DICIEMBRE,12,VIERNES,4,PEATON,PEATON,MASCULINO,73
2021-0091,2021,DICIEMBRE,12,SÁBADO,5,CONDUCTOR,MOTO,MASCULINO,24
2021-0092,2021,DICIEMBRE,12,DOMINGO,6,PEATON,PEATON,FEMENINO,50
2021-0093,2021,DICIEMBRE,12,LUNES,0,PASAJERO_ACOMPAÑANTE,MOTO,FEMENINO,18
2021-0094,2021,DICIEMBRE,12,LUNES,0,PASAJERO_ACOMPAÑANTE,MOTO,FEMENINO,43
2021-0095,2021,DICIEMBRE,12,JUEVES,3,CONDUCTOR,MOTO,MASCULINO,27
2021-0096,2021,DICIEMBRE,12,MIÉRCOLES,2,CONDUCTOR,AUTO,MASCULINO,60
